Resultado da Query,,,,,,,,,,,,,,,,,,,,,,,,,,,,,,,,,,,,
Emissão:30/10/2025 20:08:40,Total de registros:492,Usuário: 0 - SUP,,,,,,,,,,,,,,,,,,,,,,,,,,,,,,,,,,
OWNER,TABLE_NAME,COLUMN_NAME,DATA_TYPE,DATA_TYPE_MOD,DATA_TYPE_OWNER,DATA_LENGTH,DATA_PRECISION,DATA_SCALE,NULLABLE,COLUMN_ID,DEFAULT_LENGTH,DATA_DEFAULT,NUM_DISTINCT,LOW_VALUE,HIGH_VALUE,DENSITY,NUM_NULLS,NUM_BUCKETS,LAST_ANALYZED,SAMPLE_SIZE,CHARACTER_SET_NAME,CHAR_COL_DECL_LENGTH,GLOBAL_STATS,USER_STATS,AVG_COL_LEN,CHAR_LENGTH,CHAR_USED,V80_FMT_IMAGE,DATA_UPGRADED,HISTOGRAM,DEFAULT_ON_NULL,IDENTITY_COLUMN,EVALUATION_EDITION,UNUSABLE_BEFORE,UNUSABLE_BEGINNING,COLLATION
SATISTST,TGFCAB,NUNOTA,NUMBER,,,"22,00","10,00","0,00",N,1,,,"108.090,00",C107,C30D5244,"0,00","0,00","1,00",30/10/2025 05:17,"10.809,00",,,YES,NO,"5,00","0,00",,NO,YES,NONE,NO,NO,,,,
SATISTST,TGFCAB,CODEMP,NUMBER,,,"22,00","5,00","0,00",N,2,,,"11,00",C102,C10C,"0,00","0,00","11,00",30/10/2025 05:17,"10.809,00",,,YES,NO,"3,00","0,00",,NO,YES,FREQUENCY,NO,NO,,,,
SATISTST,TGFCAB,CODCENCUS,NUMBER,,,"22,00","10,00","0,00",N,3,"2,00",0,"153,00",80,C564,"0,00","0,00","152,00",30/10/2025 05:17,"10.809,00",,,YES,NO,"6,00","0,00",,NO,YES,FREQUENCY,NO,NO,,,,
SATISTST,TGFCAB,NUMNOTA,NUMBER,,,"22,00","10,00","0,00",N,4,,,"15.872,00",80,C551092E2604,"0,00","0,00","254,00",30/10/2025 05:17,"10.809,00",,,YES,NO,"5,00","0,00",,NO,YES,HEIGHT BALANCED,NO,NO,,,,
SATISTST,TGFCAB,SERIENOTA,VARCHAR2,,,"3,00",,,Y,5,,,"43,00",20,75,"0,00","80.500,00","42,00",30/10/2025 05:17,"2.759,00",CHAR_CS,3,YES,NO,"2,00","3,00",B,NO,YES,FREQUENCY,NO,NO,,,,USING_NLS_COMP
SATISTST,TGFCAB,DTNEG,DATE,,,"7,00",,,N,6,,,"1.011,00",78770208010101,787E0108010101,"0,00","0,00","254,00",30/10/2025 05:17,"10.809,00",,,YES,NO,"8,00","0,00",,NO,YES,HEIGHT BALANCED,NO,NO,,,,
SATISTST,TGFCAB,DTFATUR,DATE,,,"7,00",,,Y,7,,,"29.631,00",78770208010101,787E0101010101,"0,00","1.130,00","254,00",30/10/2025 05:17,"10.696,00",,,YES,NO,"8,00","0,00",,NO,YES,HEIGHT BALANCED,NO,NO,,,,
SATISTST,TGFCAB,DTENTSAI,DATE,,,"7,00",,,Y,8,,,"932,00",787A031F010101,787E0108010101,"0,00","0,00","1,00",30/10/2025 05:17,"10.809,00",,,YES,NO,"8,00","0,00",,NO,YES,NONE,NO,NO,,,,
SATISTST,TGFCAB,DTVAL,DATE,,,"7,00",,,Y,9,,,"36,00",787B0701010101,787E0201010101,"0,03","102.180,00","1,00",30/10/2025 05:17,"860,00",,,YES,NO,"2,00","0,00",,NO,YES,NONE,NO,NO,,,,
SATISTST,TGFCAB,DTMOV,DATE,,,"7,00",,,Y,10,,,"887,00",787A0315010101,787E0101010101,"0,00","0,00","1,00",30/10/2025 05:17,"10.809,00",,,YES,NO,"8,00","0,00",,NO,YES,NONE,NO,NO,,,,
SATISTST,TGFCAB,DTCONTAB,DATE,,,"7,00",,,Y,11,,,"0,00",,,"0,00","110.780,00","0,00",30/10/2025 05:17,,,,YES,NO,"1,00","0,00",,NO,YES,NONE,NO,NO,,,,
SATISTST,TGFCAB,HRMOV,NUMBER,,,"22,00","10,00","0,00",Y,12,,,"23.613,00",80,C3182A39,"0,00","5.410,00","254,00",30/10/2025 05:17,"10.268,00",,,YES,NO,"5,00","0,00",,NO,YES,HEIGHT BALANCED,NO,NO,,,,
SATISTST,TGFCAB,CODEMPNEGOC,NUMBER,,,"22,00","5,00","0,00",N,13,,,"11,00",C102,C10C,"0,00","0,00","11,00",30/10/2025 05:17,"10.809,00",,,YES,NO,"3,00","0,00",,NO,YES,FREQUENCY,NO,NO,,,,
SATISTST,TGFCAB,CODPARC,NUMBER,,,"22,00","10,00","0,00",N,14,"2,00",0,"1.854,00",80,C23A3C,"0,00","0,00","254,00",30/10/2025 05:17,"10.809,00",,,YES,NO,"4,00","0,00",,NO,YES,HEIGHT BALANCED,NO,NO,,,,
SATISTST,TGFCAB,CODCONTATO,NUMBER,,,"22,00","10,00","0,00",Y,15,,,"2,00",C102,C103,"0,50","102.180,00","1,00",30/10/2025 05:17,"860,00",,,YES,NO,"2,00","0,00",,NO,YES,NONE,NO,NO,,,,
SATISTST,TGFCAB,RATEADO,VARCHAR2,,,"1,00",,,N,16,"4,00",'N',"2,00",4E,53,"0,00","0,00","2,00",30/10/2025 05:17,"10.809,00",CHAR_CS,1,YES,NO,"2,00","1,00",B,NO,YES,FREQUENCY,NO,NO,,,,USING_NLS_COMP
SATISTST,TGFCAB,CODVEICULO,NUMBER,,,"22,00","10,00","0,00",N,17,"2,00",0,"1,00",80,80,"0,00","0,00","1,00",30/10/2025 05:17,"10.809,00",,,YES,NO,"2,00","0,00",,NO,YES,FREQUENCY,NO,NO,,,,
SATISTST,TGFCAB,CODTIPOPER,NUMBER,,,"22,00","5,00","0,00",N,18,,,"106,00",C104,C302010D,"0,00","0,00","106,00",30/10/2025 05:17,"10.809,00",,,YES,NO,"4,00","0,00",,NO,YES,FREQUENCY,NO,NO,,,,
SATISTST,TGFCAB,DHTIPOPER,DATE,,,"7,00",,,N,19,,,"393,00",78770316093A15,787D0A160F2D0B,"0,00","0,00","254,00",30/10/2025 05:17,"10.809,00",,,YES,NO,"8,00","0,00",,NO,YES,HEIGHT BALANCED,NO,NO,,,,
SATISTST,TGFCAB,TIPMOV,VARCHAR2,,,"1,00",,,N,20,"4,00",'P',"11,00",43,5A,"0,00","0,00","11,00",30/10/2025 05:17,"10.809,00",CHAR_CS,1,YES,NO,"2,00","1,00",B,NO,YES,FREQUENCY,NO,NO,,,,USING_NLS_COMP
SATISTST,TGFCAB,CODTIPVENDA,NUMBER,,,"22,00","5,00","0,00",N,21,"2,00",0,"57,00",80,C159,"0,00","0,00","57,00",30/10/2025 05:17,"10.809,00",,,YES,NO,"3,00","0,00",,NO,YES,FREQUENCY,NO,NO,,,,
SATISTST,TGFCAB,DHTIPVENDA,DATE,,,"7,00",,,N,22,"36,00","TO_DATE('01/01/1998', 'DD/MM/YYYY')","74,00",77C60101010101,787D051A111303,"0,00","0,00","74,00",30/10/2025 05:17,"10.809,00",,,YES,NO,"8,00","0,00",,NO,YES,FREQUENCY,NO,NO,,,,
SATISTST,TGFCAB,NUMCOTACAO,NUMBER,,,"22,00","10,00","0,00",Y,23,,,"2.097,00",C108,C21C5D,"0,00","102.030,00","1,00",30/10/2025 05:17,"875,00",,,YES,NO,"2,00","0,00",,NO,YES,NONE,NO,NO,,,,
SATISTST,TGFCAB,CODVEND,NUMBER,,,"22,00","5,00","0,00",N,24,"2,00",0,"80,00",80,C20241,"0,00","0,00","80,00",30/10/2025 05:17,"10.809,00",,,YES,NO,"3,00","0,00",,NO,YES,FREQUENCY,NO,NO,,,,
SATISTST,TGFCAB,COMISSAO,FLOAT,,,"22,00","126,00",,N,25,"2,00",0,"1,00",80,80,"0,00","0,00","1,00",30/10/2025 05:17,"10.809,00",,,YES,NO,"2,00","0,00",,NO,YES,FREQUENCY,NO,NO,,,,
SATISTST,TGFCAB,CODMOEDA,NUMBER,,,"22,00","5,00","0,00",N,26,"2,00",0,"1,00",80,80,"0,00","0,00","1,00",30/10/2025 05:17,"10.809,00",,,YES,NO,"2,00","0,00",,NO,YES,FREQUENCY,NO,NO,,,,
SATISTST,TGFCAB,CODOBSPADRAO,NUMBER,,,"22,00","5,00","0,00",N,27,"2,00",0,"1,00",80,80,"0,00","0,00","1,00",30/10/2025 05:17,"10.809,00",,,YES,NO,"2,00","0,00",,NO,YES,FREQUENCY,NO,NO,,,,
SATISTST,TGFCAB,OBSERVACAO,VARCHAR2,,,"4.000,00",,,Y,28,,,"10.186,00",2243616D70616E68612066656368612073616672612049220A5265666572656E74652061207472616E73666572EA6E636961206EBA38313531362E,E24553544142454C4543494D454E544F20494D50454449444F204445205245434F4C484552204F2049434D532F4953532050454C4F2053494D504C4553204E41,"0,00","40.650,00","254,00",30/10/2025 05:17,"6.744,00",CHAR_CS,4000,YES,NO,"85,00","4.000,00",B,NO,YES,HEIGHT BALANCED,NO,NO,,,,USING_NLS_COMP
SATISTST,TGFCAB,VLRSEG,FLOAT,,,"22,00","126,00",,N,29,"2,00",0,"1,00",80,80,"0,00","0,00","1,00",30/10/2025 05:17,"10.809,00",,,YES,NO,"2,00","0,00",,NO,YES,FREQUENCY,NO,NO,,,,
SATISTST,TGFCAB,VLRICMSSEG,FLOAT,,,"22,00","126,00",,N,30,"2,00",0,"1,00",80,80,"0,00","0,00","1,00",30/10/2025 05:17,"10.809,00",,,YES,NO,"2,00","0,00",,NO,YES,FREQUENCY,NO,NO,,,,
SATISTST,TGFCAB,VLRDESTAQUE,FLOAT,,,"22,00","126,00",,N,31,"2,00",0,"12,00",80,C3042E4F22,"0,00","0,00","12,00",30/10/2025 05:17,"10.809,00",,,YES,NO,"3,00","0,00",,NO,YES,FREQUENCY,NO,NO,,,,
SATISTST,TGFCAB,VLRJURO,FLOAT,,,"22,00","126,00",,N,32,"2,00",0,"6,00",80,C12E,"0,00","0,00","6,00",30/10/2025 05:17,"10.809,00",,,YES,NO,"3,00","0,00",,NO,YES,FREQUENCY,NO,NO,,,,
SATISTST,TGFCAB,VLRVENDOR,FLOAT,,,"22,00","126,00",,N,33,"2,00",0,"1,00",80,80,"0,00","0,00","1,00",30/10/2025 05:17,"10.809,00",,,YES,NO,"2,00","0,00",,NO,YES,FREQUENCY,NO,NO,,,,
SATISTST,TGFCAB,VLROUTROS,FLOAT,,,"22,00","126,00",,N,34,"2,00",0,"1,00",80,80,"0,00","0,00","1,00",30/10/2025 05:17,"10.809,00",,,YES,NO,"2,00","0,00",,NO,YES,FREQUENCY,NO,NO,,,,
SATISTST,TGFCAB,VLREMB,FLOAT,,,"22,00","126,00",,N,35,"2,00",0,"1,00",80,80,"0,00","0,00","1,00",30/10/2025 05:17,"10.809,00",,,YES,NO,"2,00","0,00",,NO,YES,FREQUENCY,NO,NO,,,,
SATISTST,TGFCAB,VLRICMSEMB,FLOAT,,,"22,00","126,00",,N,36,"2,00",0,"1,00",80,80,"0,00","0,00","1,00",30/10/2025 05:17,"10.809,00",,,YES,NO,"2,00","0,00",,NO,YES,FREQUENCY,NO,NO,,,,
SATISTST,TGFCAB,VLRDESCSERV,FLOAT,,,"22,00","126,00",,N,37,"2,00",0,"1,00",80,80,"0,00","0,00","1,00",30/10/2025 05:17,"10.809,00",,,YES,NO,"2,00","0,00",,NO,YES,FREQUENCY,NO,NO,,,,
SATISTST,TGFCAB,IPIEMB,FLOAT,,,"22,00","126,00",,N,38,"2,00",0,"1,00",80,80,"0,00","0,00","1,00",30/10/2025 05:17,"10.809,00",,,YES,NO,"2,00","0,00",,NO,YES,FREQUENCY,NO,NO,,,,
SATISTST,TGFCAB,TIPIPIEMB,VARCHAR2,,,"1,00",,,N,39,"4,00",'N',"1,00",4E,4E,"0,00","0,00","1,00",30/10/2025 05:17,"10.809,00",CHAR_CS,1,YES,NO,"2,00","1,00",B,NO,YES,FREQUENCY,NO,NO,,,,USING_NLS_COMP
SATISTST,TGFCAB,VLRDESCTOT,FLOAT,,,"22,00","126,00",,N,40,"2,00",0,"27,00",80,C2152C,"0,00","0,00","27,00",30/10/2025 05:17,"10.809,00",,,YES,NO,"3,00","0,00",,NO,YES,FREQUENCY,NO,NO,,,,
SATISTST,TGFCAB,VLRDESCTOTITEM,FLOAT,,,"22,00","126,00",,N,41,"2,00",0,"5.346,00",80,C402591F304815,"0,00","0,00","254,00",30/10/2025 05:17,"10.809,00",,,YES,NO,"3,00","0,00",,NO,YES,HEIGHT BALANCED,NO,NO,,,,
SATISTST,TGFCAB,VLRFRETE,FLOAT,,,"22,00","126,00",,N,42,"2,00",0,"590,00",3C63501B4E66,C303390242,"0,00","0,00","1,00",30/10/2025 05:17,"11.078,00",,,YES,NO,"3,00","0,00",,NO,YES,NONE,NO,NO,,,,
SATISTST,TGFCAB,ICMSFRETE,FLOAT,,,"22,00","126,00",,N,43,"2,00",0,"1,00",80,80,"0,00","0,00","1,00",30/10/2025 05:17,"10.809,00",,,YES,NO,"2,00","0,00",,NO,YES,FREQUENCY,NO,NO,,,,
SATISTST,TGFCAB,BASEICMSFRETE,FLOAT,,,"22,00","126,00",,N,44,"2,00",0,"1,00",80,80,"0,00","0,00","1,00",30/10/2025 05:17,"10.809,00",,,YES,NO,"2,00","0,00",,NO,YES,FREQUENCY,NO,NO,,,,
SATISTST,TGFCAB,TIPFRETE,VARCHAR2,,,"1,00",,,N,45,"4,00",'S',"2,00",4E,53,"0,00","0,00","2,00",30/10/2025 05:17,"10.809,00",CHAR_CS,1,YES,NO,"2,00","1,00",B,NO,YES,FREQUENCY,NO,NO,,,,USING_NLS_COMP
SATISTST,TGFCAB,CIF_FOB,VARCHAR2,,,"1,00",,,Y,46,,,"6,00",43,54,"0,00","33.670,00","6,00",30/10/2025 05:17,"7.442,00",CHAR_CS,1,YES,NO,"2,00","1,00",B,NO,YES,FREQUENCY,NO,NO,,,,USING_NLS_COMP
SATISTST,TGFCAB,VENCFRETE,DATE,,,"7,00",,,Y,47,,,"503,00",78780210010101,787D061A010101,"0,00","104.880,00","1,00",30/10/2025 05:17,"590,00",,,YES,NO,"2,00","0,00",,NO,YES,NONE,NO,NO,,,,
SATISTST,TGFCAB,VLRNOTA,FLOAT,,,"22,00","126,00",,N,48,"2,00",0,"12.885,00",80,C40A03130109,"0,00","0,00","254,00",30/10/2025 05:17,"10.809,00",,,YES,NO,"5,00","0,00",,NO,YES,HEIGHT BALANCED,NO,NO,,,,
SATISTST,TGFCAB,VENCIPI,DATE,,,"7,00",,,Y,49,,,"0,00",,,"0,00","110.780,00","0,00",30/10/2025 05:17,,,,YES,NO,"1,00","0,00",,NO,YES,NONE,NO,NO,,,,
SATISTST,TGFCAB,ORDEMCARGA,NUMBER,,,"22,00","10,00","0,00",Y,50,,,"3.420,00",80,C23903,"0,00","70.010,00","254,00",30/10/2025 05:17,"3.808,00",,,YES,NO,"2,00","0,00",,NO,YES,HEIGHT BALANCED,NO,NO,,,,
SATISTST,TGFCAB,SEQCARGA,NUMBER,,,"22,00","5,00","0,00",Y,51,,,"11,00",C102,C10C,"0,09","89.130,00","1,00",30/10/2025 05:17,"2.165,00",,,YES,NO,"2,00","0,00",,NO,YES,NONE,NO,NO,,,,
SATISTST,TGFCAB,KMVEICULO,NUMBER,,,"22,00","10,00","0,00",Y,52,,,"0,00",,,"0,00","110.780,00","0,00",30/10/2025 05:17,,,,YES,NO,"0,00","0,00",,NO,YES,NONE,NO,NO,,,,
SATISTST,TGFCAB,CODPARCTRANSP,NUMBER,,,"22,00","10,00","0,00",N,53,"2,00",0,"111,00",80,C23A39,"0,00","0,00","111,00",30/10/2025 05:17,"10.809,00",,,YES,NO,"3,00","0,00",,NO,YES,FREQUENCY,NO,NO,,,,
SATISTST,TGFCAB,QTDVOL,NUMBER,,,"22,00","10,00","0,00",N,54,"2,00",0,"955,00",80,C3123B1F,"0,00","0,00","254,00",30/10/2025 05:17,"10.809,00",,,YES,NO,"4,00","0,00",,NO,YES,HEIGHT BALANCED,NO,NO,,,,
SATISTST,TGFCAB,PENDENTE,VARCHAR2,,,"1,00",,,N,55,"4,00",'S',"2,00",4E,53,"0,00","0,00","2,00",30/10/2025 05:17,"10.809,00",CHAR_CS,1,YES,NO,"2,00","1,00",B,NO,YES,FREQUENCY,NO,NO,,,,USING_NLS_COMP
SATISTST,TGFCAB,BASEICMS,FLOAT,,,"22,00","126,00",,N,56,"2,00",0,"10.575,00",80,C40903420C2A,"0,00","0,00","254,00",30/10/2025 05:17,"10.809,00",,,YES,NO,"4,00","0,00",,NO,YES,HEIGHT BALANCED,NO,NO,,,,
SATISTST,TGFCAB,VLRICMS,FLOAT,,,"22,00","126,00",,N,57,"2,00",0,"10.539,00",80,C4022D304907,"0,00","0,00","254,00",30/10/2025 05:17,"10.809,00",,,YES,NO,"4,00","0,00",,NO,YES,HEIGHT BALANCED,NO,NO,,,,
SATISTST,TGFCAB,BASEIPI,FLOAT,,,"22,00","126,00",,N,58,"2,00",0,"214,00",80,C30704,"0,00","0,00","213,00",30/10/2025 05:17,"10.809,00",,,YES,NO,"3,00","0,00",,NO,YES,FREQUENCY,NO,NO,,,,
SATISTST,TGFCAB,VLRIPI,FLOAT,,,"22,00","126,00",,N,59,"2,00",0,"3,00",80,C1510F,"0,00","0,00","3,00",30/10/2025 05:17,"10.809,00",,,YES,NO,"3,00","0,00",,NO,YES,FREQUENCY,NO,NO,,,,
SATISTST,TGFCAB,ISSRETIDO,VARCHAR2,,,"1,00",,,N,60,"4,00",'S',"2,00",4E,53,"0,00","0,00","2,00",30/10/2025 05:17,"10.809,00",CHAR_CS,1,YES,NO,"2,00","1,00",B,NO,YES,FREQUENCY,NO,NO,,,,USING_NLS_COMP
SATISTST,TGFCAB,BASEISS,FLOAT,,,"22,00","126,00",,N,61,"2,00",0,"1,00",80,80,"0,00","0,00","1,00",30/10/2025 05:17,"10.809,00",,,YES,NO,"2,00","0,00",,NO,YES,FREQUENCY,NO,NO,,,,
SATISTST,TGFCAB,VLRISS,FLOAT,,,"22,00","126,00",,N,62,"2,00",0,"1,00",80,80,"0,00","0,00","1,00",30/10/2025 05:17,"10.809,00",,,YES,NO,"2,00","0,00",,NO,YES,FREQUENCY,NO,NO,,,,
SATISTST,TGFCAB,APROVADO,VARCHAR2,,,"1,00",,,N,63,"4,00",'S',"2,00",4E,53,"0,00","0,00","2,00",30/10/2025 05:17,"10.809,00",CHAR_CS,1,YES,NO,"2,00","1,00",B,NO,YES,FREQUENCY,NO,NO,,,,USING_NLS_COMP
SATISTST,TGFCAB,STATUSNOTA,VARCHAR2,,,"1,00",,,N,64,"4,00",'P',"3,00",41,50,"0,00","0,00","3,00",30/10/2025 05:17,"10.809,00",CHAR_CS,1,YES,NO,"2,00","1,00",B,NO,YES,FREQUENCY,NO,NO,,,,USING_NLS_COMP
SATISTST,TGFCAB,CODUSU,NUMBER,,,"22,00","5,00","0,00",Y,65,,,"50,00",80,C20214,"0,00","10,00","50,00",30/10/2025 05:17,"10.808,00",,,YES,NO,"3,00","0,00",,NO,YES,FREQUENCY,NO,NO,,,,
SATISTST,TGFCAB,IRFRETIDO,VARCHAR2,,,"1,00",,,N,66,"4,00",'N',"2,00",4E,53,"0,00","0,00","2,00",30/10/2025 05:17,"10.809,00",CHAR_CS,1,YES,NO,"2,00","1,00",B,NO,YES,FREQUENCY,NO,NO,,,,USING_NLS_COMP
SATISTST,TGFCAB,COMGER,FLOAT,,,"22,00","126,00",,Y,67,,,"0,00",,,"0,00","110.780,00","0,00",30/10/2025 05:17,,,,YES,NO,"0,00","0,00",,NO,YES,NONE,NO,NO,,,,
SATISTST,TGFCAB,VLRIRF,FLOAT,,,"22,00","126,00",,N,68,"2,00",0,"1,00",80,80,"0,00","0,00","1,00",30/10/2025 05:17,"10.809,00",,,YES,NO,"2,00","0,00",,NO,YES,FREQUENCY,NO,NO,,,,
SATISTST,TGFCAB,DTALTER,DATE,,,"7,00",,,N,69,,,"107.560,00",787A040111373C,787D0A160F3527,"0,00","0,00","1,00",30/10/2025 05:17,"10.809,00",,,YES,NO,"8,00","0,00",,NO,YES,NONE,NO,NO,,,,
SATISTST,TGFCAB,VOLUME,VARCHAR2,,,"60,00",,,Y,70,,,"97,00",2233,766F6C756D6573,"0,01","94.530,00","1,00",30/10/2025 05:17,"1.625,00",CHAR_CS,60,YES,NO,"2,00","60,00",B,NO,YES,NONE,NO,NO,,,,USING_NLS_COMP
SATISTST,TGFCAB,CODPARCDEST,NUMBER,,,"22,00","10,00","0,00",N,71,"2,00",0,"163,00",80,C23715,"0,00","0,00","162,00",30/10/2025 05:17,"10.809,00",,,YES,NO,"3,00","0,00",,NO,YES,FREQUENCY,NO,NO,,,,
SATISTST,TGFCAB,VLRSUBST,FLOAT,,,"22,00","126,00",,N,72,"2,00",0,"5,00",80,C2080E27,"0,00","0,00","5,00",30/10/2025 05:17,"10.809,00",,,YES,NO,"3,00","0,00",,NO,YES,FREQUENCY,NO,NO,,,,
SATISTST,TGFCAB,BASESUBSTIT,FLOAT,,,"22,00","126,00",,N,73,"2,00",0,"5,00",80,C302053F63,"0,00","0,00","5,00",30/10/2025 05:17,"10.809,00",,,YES,NO,"3,00","0,00",,NO,YES,FREQUENCY,NO,NO,,,,
SATISTST,TGFCAB,CODPROJ,NUMBER,,,"22,00","10,00","0,00",N,74,"2,00",0,"86,00",80,C5020B0B,"0,00","0,00","86,00",30/10/2025 05:17,"10.809,00",,,YES,NO,"5,00","0,00",,NO,YES,FREQUENCY,NO,NO,,,,
SATISTST,TGFCAB,NUMCONTRATO,NUMBER,,,"22,00","10,00","0,00",N,75,"2,00",0,"302,00",80,C20438,"0,00","0,00","254,00",30/10/2025 05:17,"10.809,00",,,YES,NO,"3,00","0,00",,NO,YES,HEIGHT BALANCED,NO,NO,,,,
SATISTST,TGFCAB,BASEINSS,FLOAT,,,"22,00","126,00",,N,76,"2,00",0,"1,00",80,80,"0,00","0,00","1,00",30/10/2025 05:17,"10.809,00",,,YES,NO,"2,00","0,00",,NO,YES,FREQUENCY,NO,NO,,,,
SATISTST,TGFCAB,VLRINSS,FLOAT,,,"22,00","126,00",,N,77,"2,00",0,"1,00",80,80,"0,00","0,00","1,00",30/10/2025 05:17,"10.809,00",,,YES,NO,"2,00","0,00",,NO,YES,FREQUENCY,NO,NO,,,,
SATISTST,TGFCAB,VLRREPREDTOT,FLOAT,,,"22,00","126,00",,N,78,"2,00",0,"696,00",80,C3091C2336,"0,00","0,00","1,00",30/10/2025 05:17,"11.078,00",,,YES,NO,"3,00","0,00",,NO,YES,NONE,NO,NO,,,,
SATISTST,TGFCAB,PERCDESC,FLOAT,,,"22,00","126,00",,N,79,"2,00",0,"23,00",80,C12514,"0,00","0,00","23,00",30/10/2025 05:17,"10.809,00",,,YES,NO,"3,00","0,00",,NO,YES,FREQUENCY,NO,NO,,,,
SATISTST,TGFCAB,CODPARCREMETENTE,NUMBER,,,"22,00","10,00","0,00",N,80,"2,00",0,"68,00",80,C23609,"0,00","0,00","68,00",30/10/2025 05:17,"10.809,00",,,YES,NO,"3,00","0,00",,NO,YES,FREQUENCY,NO,NO,,,,
SATISTST,TGFCAB,CODPARCCONSIGNATARIO,NUMBER,,,"22,00","10,00","0,00",N,81,"2,00",0,"1,00",80,80,"0,00","0,00","1,00",30/10/2025 05:17,"10.809,00",,,YES,NO,"2,00","0,00",,NO,YES,FREQUENCY,NO,NO,,,,
SATISTST,TGFCAB,CODPARCREDESPACHO,NUMBER,,,"22,00","10,00","0,00",N,82,"2,00",0,"1,00",80,80,"0,00","0,00","1,00",30/10/2025 05:17,"10.809,00",,,YES,NO,"2,00","0,00",,NO,YES,FREQUENCY,NO,NO,,,,
SATISTST,TGFCAB,LOCALCOLETA,VARCHAR2,,,"40,00",,,Y,83,,,"0,00",,,"0,00","110.780,00","0,00",30/10/2025 05:17,,CHAR_CS,40,YES,NO,"0,00","40,00",B,NO,YES,NONE,NO,NO,,,,USING_NLS_COMP
SATISTST,TGFCAB,LOCALENTREGA,VARCHAR2,,,"40,00",,,Y,84,,,"0,00",,,"0,00","110.780,00","0,00",30/10/2025 05:17,,CHAR_CS,40,YES,NO,"0,00","40,00",B,NO,YES,NONE,NO,NO,,,,USING_NLS_COMP
SATISTST,TGFCAB,VLRMERCADORIA,FLOAT,,,"22,00","126,00",,Y,85,,,"0,00",,,"0,00","110.780,00","0,00",30/10/2025 05:17,,,,YES,NO,"0,00","0,00",,NO,YES,NONE,NO,NO,,,,
SATISTST,TGFCAB,PESO,FLOAT,,,"22,00","126,00",,Y,86,,,"3.138,00",80,C3144141,"0,00","700,00","254,00",30/10/2025 05:17,"10.739,00",,,YES,NO,"3,00","0,00",,NO,YES,HEIGHT BALANCED,NO,NO,,,,
SATISTST,TGFCAB,NOTASCF,VARCHAR2,,,"35,00",,,Y,87,,,"0,00",,,"0,00","110.780,00","0,00",30/10/2025 05:17,,CHAR_CS,35,YES,NO,"0,00","35,00",B,NO,YES,NONE,NO,NO,,,,USING_NLS_COMP
SATISTST,TGFCAB,CODNAT,NUMBER,,,"22,00","10,00","0,00",N,88,"2,00",0,"140,00",80,C40A02,"0,00","0,00","139,00",30/10/2025 05:17,"10.809,00",,,YES,NO,"6,00","0,00",,NO,YES,FREQUENCY,NO,NO,,,,
SATISTST,TGFCAB,CODMAQ,NUMBER,,,"22,00","10,00","0,00",Y,89,,,"0,00",,,"0,00","110.780,00","0,00",30/10/2025 05:17,,,,YES,NO,"0,00","0,00",,NO,YES,NONE,NO,NO,,,,
SATISTST,TGFCAB,CODFUNC,NUMBER,,,"22,00","10,00","0,00",Y,90,,,"0,00",,,"0,00","110.780,00","0,00",30/10/2025 05:17,,,,YES,NO,"0,00","0,00",,NO,YES,NONE,NO,NO,,,,
SATISTST,TGFCAB,NUMOS,NUMBER,,,"22,00","10,00","0,00",Y,91,,,"0,00",,,"0,00","110.780,00","0,00",30/10/2025 05:17,,,,YES,NO,"0,00","0,00",,NO,YES,NONE,NO,NO,,,,
SATISTST,TGFCAB,NUMCF,NUMBER,,,"22,00","10,00","0,00",Y,92,,,"0,00",,,"0,00","110.780,00","0,00",30/10/2025 05:17,,,,YES,NO,"0,00","0,00",,NO,YES,NONE,NO,NO,,,,
SATISTST,TGFCAB,VLRFRETECPL,FLOAT,,,"22,00","126,00",,Y,93,,,"1,00",80,80,"0,00","30.340,00","1,00",30/10/2025 05:17,"7.775,00",,,YES,NO,"2,00","0,00",,NO,YES,FREQUENCY,NO,NO,,,,
SATISTST,TGFCAB,TROCO,FLOAT,,,"22,00","126,00",,N,94,"2,00",0,"1,00",80,80,"0,00","0,00","1,00",30/10/2025 05:17,"10.809,00",,,YES,NO,"2,00","0,00",,NO,YES,FREQUENCY,NO,NO,,,,
SATISTST,TGFCAB,NROREDZ,NUMBER,,,"22,00","5,00","0,00",Y,95,"1,00",0,"1,00",80,80,"0,00","0,00","1,00",30/10/2025 05:17,"10.809,00",,,YES,NO,"2,00","0,00",,NO,YES,FREQUENCY,NO,NO,,,,
SATISTST,TGFCAB,VLRMOEDA,FLOAT,,,"22,00","126,00",,Y,96,"1,00",0,"1,00",80,80,"0,00","0,00","1,00",30/10/2025 05:17,"10.809,00",,,YES,NO,"2,00","0,00",,NO,YES,FREQUENCY,NO,NO,,,,
SATISTST,TGFCAB,OCCN48,NUMBER,,,"22,00","10,00","0,00",Y,97,,,"0,00",,,"0,00","110.780,00","0,00",30/10/2025 05:17,,,,YES,NO,"0,00","0,00",,NO,YES,NONE,NO,NO,,,,
SATISTST,TGFCAB,CODUSUINC,NUMBER,,,"22,00","5,00","0,00",Y,98,"1,00",0,"67,00",80,C20216,"0,00","70,00","67,00",30/10/2025 05:17,"10.802,00",,,YES,NO,"4,00","0,00",,NO,YES,FREQUENCY,NO,NO,,,,
SATISTST,TGFCAB,NUTRANSF,NUMBER,,,"22,00","10,00","0,00",Y,99,"1,00",0,"1,00",80,80,"0,00","0,00","1,00",30/10/2025 05:17,"10.809,00",,,YES,NO,"2,00","0,00",,NO,YES,FREQUENCY,NO,NO,,,,
SATISTST,TGFCAB,CODUSUCOMPRADOR,NUMBER,,,"22,00","5,00","0,00",N,100,"2,00",0,"1,00",80,80,"0,00","0,00","1,00",30/10/2025 05:17,"10.809,00",,,YES,NO,"2,00","0,00",,NO,YES,FREQUENCY,NO,NO,,,,
SATISTST,TGFCAB,CODSITE,NUMBER,,,"22,00","10,00","0,00",Y,101,,,"0,00",,,"0,00","110.780,00","0,00",30/10/2025 05:17,,,,YES,NO,"0,00","0,00",,NO,YES,NONE,NO,NO,,,,
SATISTST,TGFCAB,TOTALCUSTOPROD,FLOAT,,,"22,00","126,00",,Y,102,,,"2.573,00",80,C405263B565D59,"0,00","820,00","1,00",30/10/2025 05:17,"10.996,00",,,YES,NO,"4,00","0,00",,NO,YES,NONE,NO,NO,,,,
SATISTST,TGFCAB,TOTALCUSTOSERV,FLOAT,,,"22,00","126,00",,Y,103,,,"1,00",80,80,"0,00","680,00","1,00",30/10/2025 05:17,"10.741,00",,,YES,NO,"2,00","0,00",,NO,YES,FREQUENCY,NO,NO,,,,
SATISTST,TGFCAB,CODCID,NUMBER,,,"22,00","10,00","0,00",Y,104,"1,00",0,"1,00",80,80,"0,00","0,00","1,00",30/10/2025 05:17,"10.809,00",,,YES,NO,"2,00","0,00",,NO,YES,FREQUENCY,NO,NO,,,,
SATISTST,TGFCAB,BASESUBSTSEMRED,FLOAT,,,"22,00","126,00",,Y,105,"1,00",0,"5,00",80,C302053F63,"0,00","0,00","5,00",30/10/2025 05:17,"10.809,00",,,YES,NO,"3,00","0,00",,NO,YES,FREQUENCY,NO,NO,,,,
SATISTST,TGFCAB,CODMOTORISTA,NUMBER,,,"22,00","10,00","0,00",Y,106,"1,00",0,"1,00",80,80,"0,00","0,00","1,00",30/10/2025 05:17,"10.809,00",,,YES,NO,"2,00","0,00",,NO,YES,FREQUENCY,NO,NO,,,,
SATISTST,TGFCAB,NURD8,NUMBER,,,"22,00","10,00","0,00",Y,107,,,"0,00",,,"0,00","110.780,00","0,00",30/10/2025 05:17,,,,YES,NO,"0,00","0,00",,NO,YES,NONE,NO,NO,,,,
SATISTST,TGFCAB,NATUREZAOPERDES,VARCHAR2,,,"2,00",,,Y,108,,,"0,00",,,"0,00","110.780,00","0,00",30/10/2025 05:17,,CHAR_CS,2,YES,NO,"0,00","2,00",B,NO,YES,NONE,NO,NO,,,,USING_NLS_COMP
SATISTST,TGFCAB,SERIENFDES,VARCHAR2,,,"4,00",,,Y,109,,,"0,00",,,"0,00","110.780,00","0,00",30/10/2025 05:17,,CHAR_CS,4,YES,NO,"0,00","4,00",B,NO,YES,NONE,NO,NO,,,,USING_NLS_COMP
SATISTST,TGFCAB,MODELONFDES,VARCHAR2,,,"2,00",,,Y,110,,,"0,00",,,"0,00","110.780,00","0,00",30/10/2025 05:17,,CHAR_CS,2,YES,NO,"0,00","2,00",B,NO,YES,NONE,NO,NO,,,,USING_NLS_COMP
SATISTST,TGFCAB,DTPREVENT,DATE,,,"7,00",,,Y,111,,,"1.022,00",787A041B010101,787D081B010101,"0,00","80.760,00","254,00",30/10/2025 05:17,"2.733,00",,,YES,NO,"3,00","0,00",,NO,YES,HEIGHT BALANCED,NO,NO,,,,
SATISTST,TGFCAB,NUNOTAPEDFRET,NUMBER,,,"22,00","10,00","0,00",Y,112,,,"0,00",,,"0,00","110.780,00","0,00",30/10/2025 05:17,,,,YES,NO,"0,00","0,00",,NO,YES,NONE,NO,NO,,,,
SATISTST,TGFCAB,BASEIRF,FLOAT,,,"22,00","126,00",,Y,113,,,"1,00",80,80,"0,00","680,00","1,00",30/10/2025 05:17,"10.741,00",,,YES,NO,"2,00","0,00",,NO,YES,FREQUENCY,NO,NO,,,,
SATISTST,TGFCAB,ALIQIRF,FLOAT,,,"22,00","126,00",,Y,114,,,"1,00",80,80,"0,00","680,00","1,00",30/10/2025 05:17,"10.741,00",,,YES,NO,"2,00","0,00",,NO,YES,FREQUENCY,NO,NO,,,,
SATISTST,TGFCAB,PLACA,VARCHAR2,,,"10,00",,,Y,115,,,"0,00",,,"0,00","110.780,00","0,00",30/10/2025 05:17,,CHAR_CS,10,YES,NO,"0,00","10,00",B,NO,YES,NONE,NO,NO,,,,USING_NLS_COMP
SATISTST,TGFCAB,UFVEICULO,NUMBER,,,"22,00","5,00","0,00",Y,116,,,"0,00",,,"0,00","110.780,00","0,00",30/10/2025 05:17,,,,YES,NO,"0,00","0,00",,NO,YES,NONE,NO,NO,,,,
SATISTST,TGFCAB,PESOBRUTO,FLOAT,,,"22,00","126,00",,Y,117,,,"3.722,00",80,C3152F2451,"0,00","850,00","254,00",30/10/2025 05:17,"10.724,00",,,YES,NO,"4,00","0,00",,NO,YES,HEIGHT BALANCED,NO,NO,,,,
SATISTST,TGFCAB,HRENTSAI,DATE,,,"7,00",,,Y,118,,,"4.815,00",7066011C010101,787E0108010101,"0,00","12.680,00","254,00",30/10/2025 05:17,"9.541,00",,,YES,NO,"8,00","0,00",,NO,YES,HEIGHT BALANCED,NO,NO,,,,
SATISTST,TGFCAB,ANTT,VARCHAR2,,,"20,00",,,Y,119,,,"0,00",,,"0,00","110.780,00","0,00",30/10/2025 05:17,,CHAR_CS,20,YES,NO,"0,00","20,00",B,NO,YES,NONE,NO,NO,,,,USING_NLS_COMP
SATISTST,TGFCAB,LACRES,VARCHAR2,,,"255,00",,,Y,120,,,"0,00",,,"0,00","110.780,00","0,00",30/10/2025 05:17,,CHAR_CS,255,YES,NO,"0,00","255,00",B,NO,YES,NONE,NO,NO,,,,USING_NLS_COMP
SATISTST,TGFCAB,DANFE,NUMBER,,,"22,00","10,00","0,00",Y,121,,,"7.599,00",C107,C3024B1D,"0,00","98.620,00","1,00",30/10/2025 05:17,"1.216,00",,,YES,NO,"2,00","0,00",,NO,YES,NONE,NO,NO,,,,
SATISTST,TGFCAB,CHAVENFE,VARCHAR2,,,"44,00",,,Y,122,,,"18.804,00",3135323230393337333239343234303030313034353530303130303030303031333031333337353232323136,3533323231313232353033313732303030313130353530303130303030303031313231373731313730303031,"0,00","89.260,00","1,00",30/10/2025 05:17,"2.152,00",CHAR_CS,44,YES,NO,"10,00","44,00",B,NO,YES,NONE,NO,NO,,,,USING_NLS_COMP
SATISTST,TGFCAB,NUMERACAOVOLUMES,VARCHAR2,,,"60,00",,,Y,123,,,"22,00",2E,534E,"0,05","110.040,00","1,00",30/10/2025 05:17,"74,00",CHAR_CS,60,YES,NO,"2,00","60,00",B,NO,YES,NONE,NO,NO,,,,USING_NLS_COMP
SATISTST,TGFCAB,DTENVIOPMB,DATE,,,"7,00",,,Y,124,,,"0,00",,,"0,00","110.780,00","0,00",30/10/2025 05:17,,,,YES,NO,"1,00","0,00",,NO,YES,NONE,NO,NO,,,,
SATISTST,TGFCAB,TIPNOTAPMB,VARCHAR2,,,"10,00",,,Y,125,,,"0,00",,,"0,00","110.780,00","0,00",30/10/2025 05:17,,CHAR_CS,10,YES,NO,"0,00","10,00",B,NO,YES,NONE,NO,NO,,,,USING_NLS_COMP
SATISTST,TGFCAB,NUMALEATORIO,NUMBER,,,"22,00","10,00","0,00",Y,126,,,"18.276,00",C10B,C464635417,"0,00","91.760,00","1,00",30/10/2025 05:17,"1.902,00",,,YES,NO,"2,00","0,00",,NO,YES,NONE,NO,NO,,,,
SATISTST,TGFCAB,NUMPROTOC,VARCHAR2,,,"30,00",,,Y,127,,,"12.170,00",313239323230333433323735323730,363331323430303031383834363338,"0,00","98.610,00","1,00",30/10/2025 05:17,"1.217,00",CHAR_CS,30,YES,NO,"3,00","30,00",B,NO,YES,NONE,NO,NO,,,,USING_NLS_COMP
SATISTST,TGFCAB,DHPROTOC,DATE,,,"7,00",,,Y,128,,,"12.170,00",787A04070C0B07,787D060C0C1511,"0,00","98.610,00","1,00",30/10/2025 05:17,"1.217,00",,,YES,NO,"2,00","0,00",,NO,YES,NONE,NO,NO,,,,
SATISTST,TGFCAB,DTENVSUF,DATE,,,"7,00",,,Y,129,,,"0,00",,,"0,00","110.780,00","0,00",30/10/2025 05:17,,,,YES,NO,"1,00","0,00",,NO,YES,NONE,NO,NO,,,,
SATISTST,TGFCAB,NULOTENFE,NUMBER,,,"22,00","10,00","0,00",Y,130,,,"12.190,00",C111,C3024236,"0,00","98.590,00","1,00",30/10/2025 05:17,"1.219,00",,,YES,NO,"2,00","0,00",,NO,YES,NONE,NO,NO,,,,
SATISTST,TGFCAB,STATUSNFE,VARCHAR2,,,"1,00",,,Y,131,,,"4,00",41,53,"0,25","98.580,00","1,00",30/10/2025 05:17,"1.220,00",CHAR_CS,1,YES,NO,"2,00","1,00",B,NO,YES,NONE,NO,NO,,,,USING_NLS_COMP
SATISTST,TGFCAB,TPEMISNFE,NUMBER,,,"22,00","5,00","0,00",Y,132,,,"3,00",C102,C107,"0,33","98.580,00","1,00",30/10/2025 05:17,"1.220,00",,,YES,NO,"2,00","0,00",,NO,YES,NONE,NO,NO,,,,
SATISTST,TGFCAB,DTADIAM,DATE,,,"7,00",,,Y,133,,,"0,00",,,"0,00","110.780,00","0,00",30/10/2025 05:17,,,,YES,NO,"1,00","0,00",,NO,YES,NONE,NO,NO,,,,
SATISTST,TGFCAB,HRADIAM,NUMBER,,,"22,00","10,00","0,00",Y,134,,,"0,00",,,"0,00","110.780,00","0,00",30/10/2025 05:17,,,,YES,NO,"0,00","0,00",,NO,YES,NONE,NO,NO,,,,
SATISTST,TGFCAB,CODDOCA,NUMBER,,,"22,00","10,00","0,00",Y,135,,,"0,00",,,"0,00","110.780,00","0,00",30/10/2025 05:17,,,,YES,NO,"0,00","0,00",,NO,YES,NONE,NO,NO,,,,
SATISTST,TGFCAB,DIGITAL,VARCHAR2,,,"1.000,00",,,Y,136,,,"0,00",,,"0,00","110.780,00","0,00",30/10/2025 05:17,,CHAR_CS,1000,YES,NO,"0,00","1.000,00",B,NO,YES,NONE,NO,NO,,,,USING_NLS_COMP
SATISTST,TGFCAB,TOTDISPDESC,FLOAT,,,"22,00","126,00",,Y,137,,,"0,00",,,"0,00","110.780,00","0,00",30/10/2025 05:17,,,,YES,NO,"0,00","0,00",,NO,YES,NONE,NO,NO,,,,
SATISTST,TGFCAB,BASEPIS,FLOAT,,,"22,00","126,00",,Y,138,,,"0,00",,,"0,00","110.780,00","0,00",30/10/2025 05:17,,,,YES,NO,"0,00","0,00",,NO,YES,NONE,NO,NO,,,,
SATISTST,TGFCAB,VLRPIS,FLOAT,,,"22,00","126,00",,Y,139,,,"0,00",,,"0,00","110.780,00","0,00",30/10/2025 05:17,,,,YES,NO,"0,00","0,00",,NO,YES,NONE,NO,NO,,,,
SATISTST,TGFCAB,BASEPISST,FLOAT,,,"22,00","126,00",,Y,140,,,"0,00",,,"0,00","110.780,00","0,00",30/10/2025 05:17,,,,YES,NO,"0,00","0,00",,NO,YES,NONE,NO,NO,,,,
SATISTST,TGFCAB,VLRPISST,FLOAT,,,"22,00","126,00",,Y,141,,,"0,00",,,"0,00","110.780,00","0,00",30/10/2025 05:17,,,,YES,NO,"0,00","0,00",,NO,YES,NONE,NO,NO,,,,
SATISTST,TGFCAB,BASECOFINS,FLOAT,,,"22,00","126,00",,Y,142,,,"0,00",,,"0,00","110.780,00","0,00",30/10/2025 05:17,,,,YES,NO,"0,00","0,00",,NO,YES,NONE,NO,NO,,,,
SATISTST,TGFCAB,VLRCOFINS,FLOAT,,,"22,00","126,00",,Y,143,,,"0,00",,,"0,00","110.780,00","0,00",30/10/2025 05:17,,,,YES,NO,"0,00","0,00",,NO,YES,NONE,NO,NO,,,,
SATISTST,TGFCAB,BASECOFINSST,FLOAT,,,"22,00","126,00",,Y,144,,,"0,00",,,"0,00","110.780,00","0,00",30/10/2025 05:17,,,,YES,NO,"0,00","0,00",,NO,YES,NONE,NO,NO,,,,
SATISTST,TGFCAB,VLRCOFINSST,FLOAT,,,"22,00","126,00",,Y,145,,,"0,00",,,"0,00","110.780,00","0,00",30/10/2025 05:17,,,,YES,NO,"0,00","0,00",,NO,YES,NONE,NO,NO,,,,
SATISTST,TGFCAB,VLRROYALT,FLOAT,,,"22,00","126,00",,Y,146,,,"0,00",,,"0,00","110.780,00","0,00",30/10/2025 05:17,,,,YES,NO,"0,00","0,00",,NO,YES,NONE,NO,NO,,,,
SATISTST,TGFCAB,NROCAIXA,NUMBER,,,"22,00","10,00","0,00",Y,147,,,"0,00",,,"0,00","110.780,00","0,00",30/10/2025 05:17,,,,YES,NO,"0,00","0,00",,NO,YES,NONE,NO,NO,,,,
SATISTST,TGFCAB,NUMREGDPEC,VARCHAR2,,,"15,00",,,Y,148,,,"30,00",383931323233323638343038313337,383931323337383939393536383935,"0,03","110.750,00","1,00",30/10/2025 05:17,"3,00",CHAR_CS,15,YES,NO,"2,00","15,00",B,NO,YES,NONE,NO,NO,,,,USING_NLS_COMP
SATISTST,TGFCAB,DHREGDPEC,DATE,,,"7,00",,,Y,149,,,"30,00",787A0705102E0F,787B0A11120922,"0,03","110.750,00","1,00",30/10/2025 05:17,"3,00",,,YES,NO,"2,00","0,00",,NO,YES,NONE,NO,NO,,,,
SATISTST,TGFCAB,CODEMPFUNC,NUMBER,,,"22,00","5,00","0,00",Y,150,,,"8,00",C102,C109,"0,13","108.120,00","1,00",30/10/2025 05:17,"266,00",,,YES,NO,"2,00","0,00",,NO,YES,NONE,NO,NO,,,,
SATISTST,TGFCAB,VLRINDENIZ,FLOAT,,,"22,00","126,00",,Y,151,,,"1,00",80,80,"1,00","87.520,00","1,00",30/10/2025 05:17,"2.326,00",,,YES,NO,"2,00","0,00",,NO,YES,NONE,NO,NO,,,,
SATISTST,TGFCAB,MARCA,VARCHAR2,,,"60,00",,,Y,152,,,"26,00",2E,646920736F6C6F,"0,04","110.040,00","1,00",30/10/2025 05:17,"74,00",CHAR_CS,60,YES,NO,"2,00","60,00",B,NO,YES,NONE,NO,NO,,,,USING_NLS_COMP
SATISTST,TGFCAB,TIPOPTAGJNFE,NUMBER,,,"22,00","10,00","0,00",Y,153,,,"0,00",,,"0,00","110.780,00","0,00",30/10/2025 05:17,,,,YES,NO,"0,00","0,00",,NO,YES,NONE,NO,NO,,,,
SATISTST,TGFCAB,TPEMISNFSE,NUMBER,,,"22,00","5,00","0,00",Y,154,,,"0,00",,,"0,00","110.780,00","0,00",30/10/2025 05:17,,,,YES,NO,"0,00","0,00",,NO,YES,NONE,NO,NO,,,,
SATISTST,TGFCAB,NULOTENFSE,NUMBER,,,"22,00","10,00","0,00",Y,155,,,"0,00",,,"0,00","110.780,00","0,00",30/10/2025 05:17,,,,YES,NO,"0,00","0,00",,NO,YES,NONE,NO,NO,,,,
SATISTST,TGFCAB,NUMNFSE,VARCHAR2,,,"20,00",,,Y,156,,,"0,00",,,"0,00","110.780,00","0,00",30/10/2025 05:17,,CHAR_CS,20,YES,NO,"0,00","20,00",B,NO,YES,NONE,NO,NO,,,,USING_NLS_COMP
SATISTST,TGFCAB,STATUSNFSE,VARCHAR2,,,"1,00",,,Y,157,,,"0,00",,,"0,00","110.780,00","0,00",30/10/2025 05:17,,CHAR_CS,1,YES,NO,"0,00","1,00",B,NO,YES,NONE,NO,NO,,,,USING_NLS_COMP
SATISTST,TGFCAB,UFEMBARQ,VARCHAR2,,,"2,00",,,Y,158,,,"0,00",,,"0,00","110.780,00","0,00",30/10/2025 05:17,,CHAR_CS,2,YES,NO,"0,00","2,00",B,NO,YES,NONE,NO,NO,,,,USING_NLS_COMP
SATISTST,TGFCAB,LOCEMBARQ,VARCHAR2,,,"60,00",,,Y,159,,,"0,00",,,"0,00","110.780,00","0,00",30/10/2025 05:17,,CHAR_CS,60,YES,NO,"0,00","60,00",B,NO,YES,NONE,NO,NO,,,,USING_NLS_COMP
SATISTST,TGFCAB,TPLIGACAO,NUMBER,,,"22,00","5,00","0,00",Y,160,,,"3,00",C102,C104,"0,33","110.670,00","1,00",30/10/2025 05:17,"11,00",,,YES,NO,"2,00","0,00",,NO,YES,NONE,NO,NO,,,,
SATISTST,TGFCAB,CODGRUPOTENSAO,VARCHAR2,,,"2,00",,,Y,161,,,"2,00",3132,3132,"0,50","110.670,00","1,00",30/10/2025 05:17,"11,00",CHAR_CS,2,YES,NO,"2,00","2,00",B,NO,YES,NONE,NO,NO,,,,USING_NLS_COMP
SATISTST,TGFCAB,TPASSINANTE,NUMBER,,,"22,00","5,00","0,00",Y,162,,,"3,00",C102,C107,"0,33","110.560,00","1,00",30/10/2025 05:17,"22,00",,,YES,NO,"2,00","0,00",,NO,YES,NONE,NO,NO,,,,
SATISTST,TGFCAB,NUREM,NUMBER,,,"22,00","10,00","0,00",Y,163,,,"1.660,00",C308463D,C30D4C37,"0,00","109.120,00","1,00",30/10/2025 05:17,"166,00",,,YES,NO,"2,00","0,00",,NO,YES,NONE,NO,NO,,,,
SATISTST,TGFCAB,AGRUPBOL,VARCHAR2,,,"1,00",,,Y,164,"3,00",'N',"1,00",4E,4E,"0,00","0,00","1,00",30/10/2025 05:17,"10.809,00",CHAR_CS,1,YES,NO,"2,00","1,00",B,NO,YES,FREQUENCY,NO,NO,,,,USING_NLS_COMP
SATISTST,TGFCAB,RETDATACRITICA,VARCHAR2,,,"1,00",,,Y,165,,,"0,00",,,"0,00","110.780,00","0,00",30/10/2025 05:17,,CHAR_CS,1,YES,NO,"0,00","1,00",B,NO,YES,NONE,NO,NO,,,,USING_NLS_COMP
SATISTST,TGFCAB,QTDBATIDAS,FLOAT,,,"22,00","126,00",,Y,166,,,"0,00",,,"0,00","110.780,00","0,00",30/10/2025 05:17,,,,YES,NO,"0,00","0,00",,NO,YES,NONE,NO,NO,,,,
SATISTST,TGFCAB,PERCPUREZA,FLOAT,,,"22,00","126,00",,Y,167,,,"0,00",,,"0,00","110.780,00","0,00",30/10/2025 05:17,,,,YES,NO,"0,00","0,00",,NO,YES,NONE,NO,NO,,,,
SATISTST,TGFCAB,PERCGERMIN,FLOAT,,,"22,00","126,00",,Y,168,,,"0,00",,,"0,00","110.780,00","0,00",30/10/2025 05:17,,,,YES,NO,"0,00","0,00",,NO,YES,NONE,NO,NO,,,,
SATISTST,TGFCAB,FRETEVLRBRUTO,FLOAT,,,"22,00","126,00",,Y,169,,,"0,00",,,"0,00","110.780,00","0,00",30/10/2025 05:17,,,,YES,NO,"0,00","0,00",,NO,YES,NONE,NO,NO,,,,
SATISTST,TGFCAB,FRETEVLRDESC,FLOAT,,,"22,00","126,00",,Y,170,,,"0,00",,,"0,00","110.780,00","0,00",30/10/2025 05:17,,,,YES,NO,"0,00","0,00",,NO,YES,NONE,NO,NO,,,,
SATISTST,TGFCAB,FRETEPERCDESC,FLOAT,,,"22,00","126,00",,Y,171,,,"0,00",,,"0,00","110.780,00","0,00",30/10/2025 05:17,,,,YES,NO,"0,00","0,00",,NO,YES,NONE,NO,NO,,,,
SATISTST,TGFCAB,FRETEVLRIMP,FLOAT,,,"22,00","126,00",,Y,172,,,"0,00",,,"0,00","110.780,00","0,00",30/10/2025 05:17,,,,YES,NO,"0,00","0,00",,NO,YES,NONE,NO,NO,,,,
SATISTST,TGFCAB,FRETEVLRJUR,FLOAT,,,"22,00","126,00",,Y,173,,,"0,00",,,"0,00","110.780,00","0,00",30/10/2025 05:17,,,,YES,NO,"0,00","0,00",,NO,YES,NONE,NO,NO,,,,
SATISTST,TGFCAB,FRETEVLRPAGO,FLOAT,,,"22,00","126,00",,Y,174,,,"0,00",,,"0,00","110.780,00","0,00",30/10/2025 05:17,,,,YES,NO,"0,00","0,00",,NO,YES,NONE,NO,NO,,,,
SATISTST,TGFCAB,CODVENDTEC,NUMBER,,,"22,00","5,00","0,00",Y,175,,,"0,00",,,"0,00","110.780,00","0,00",30/10/2025 05:17,,,,YES,NO,"0,00","0,00",,NO,YES,NONE,NO,NO,,,,
SATISTST,TGFCAB,NUMPEDIDO,NUMBER,,,"22,00","10,00","0,00",Y,176,,,"0,00",,,"0,00","110.780,00","0,00",30/10/2025 05:17,,,,YES,NO,"0,00","0,00",,NO,YES,NONE,NO,NO,,,,
SATISTST,TGFCAB,VLRINDENIZDIST,FLOAT,,,"22,00","126,00",,Y,177,,,"0,00",,,"0,00","110.780,00","0,00",30/10/2025 05:17,,,,YES,NO,"0,00","0,00",,NO,YES,NONE,NO,NO,,,,
SATISTST,TGFCAB,NUMPEDIDO2,VARCHAR2,,,"15,00",,,Y,178,,,"0,00",,,"0,00","110.780,00","0,00",30/10/2025 05:17,,CHAR_CS,15,YES,NO,"0,00","15,00",B,NO,YES,NONE,NO,NO,,,,USING_NLS_COMP
SATISTST,TGFCAB,CODAGENDA,NUMBER,,,"22,00","10,00","0,00",Y,179,,,"0,00",,,"0,00","110.780,00","0,00",30/10/2025 05:17,,,,YES,NO,"0,00","0,00",,NO,YES,NONE,NO,NO,,,,
SATISTST,TGFCAB,DTREF,DATE,,,"7,00",,,Y,180,,,"28,00",787B0701010101,787E0201010101,"0,04","102.180,00","1,00",30/10/2025 05:17,"860,00",,,YES,NO,"2,00","0,00",,NO,YES,NONE,NO,NO,,,,
SATISTST,TGFCAB,FRETEVLRNEGOC,FLOAT,,,"22,00","126,00",,Y,181,,,"0,00",,,"0,00","110.780,00","0,00",30/10/2025 05:17,,,,YES,NO,"0,00","0,00",,NO,YES,NONE,NO,NO,,,,
SATISTST,TGFCAB,CODPRODPERMUTA,NUMBER,,,"22,00","10,00","0,00",Y,182,,,"0,00",,,"0,00","110.780,00","0,00",30/10/2025 05:17,,,,YES,NO,"0,00","0,00",,NO,YES,NONE,NO,NO,,,,
SATISTST,TGFCAB,NROGAR,NUMBER,,,"22,00","10,00","0,00",Y,183,,,"0,00",,,"0,00","110.780,00","0,00",30/10/2025 05:17,,,,YES,NO,"0,00","0,00",,NO,YES,NONE,NO,NO,,,,
SATISTST,TGFCAB,MD5PAF,VARCHAR2,,,"32,00",,,Y,184,,,"0,00",,,"0,00","110.780,00","0,00",30/10/2025 05:17,,CHAR_CS,32,YES,NO,"0,00","32,00",B,NO,YES,NONE,NO,NO,,,,USING_NLS_COMP
SATISTST,TGFCAB,CODMODDOCNOTA,NUMBER,,,"22,00","10,00","0,00",Y,185,,,"0,00",,,"0,00","110.780,00","0,00",30/10/2025 05:17,,,,YES,NO,"0,00","0,00",,NO,YES,NONE,NO,NO,,,,
SATISTST,TGFCAB,CPFCNPJADQUIRENTE,VARCHAR2,,,"14,00",,,Y,186,,,"0,00",,,"0,00","110.780,00","0,00",30/10/2025 05:17,,CHAR_CS,14,YES,NO,"0,00","14,00",B,NO,YES,NONE,NO,NO,,,,USING_NLS_COMP
SATISTST,TGFCAB,NOMEADQUIRENTE,VARCHAR2,,,"40,00",,,Y,187,,,"0,00",,,"0,00","110.780,00","0,00",30/10/2025 05:17,,CHAR_CS,40,YES,NO,"0,00","40,00",B,NO,YES,NONE,NO,NO,,,,USING_NLS_COMP
SATISTST,TGFCAB,VLRSACADOLAR,FLOAT,,,"22,00","126,00",,Y,188,,,"0,00",,,"0,00","110.780,00","0,00",30/10/2025 05:17,,,,YES,NO,"0,00","0,00",,NO,YES,NONE,NO,NO,,,,
SATISTST,TGFCAB,NUMCOO,NUMBER,,,"22,00","10,00","0,00",Y,189,,,"0,00",,,"0,00","110.780,00","0,00",30/10/2025 05:17,,,,YES,NO,"0,00","0,00",,NO,YES,NONE,NO,NO,,,,
SATISTST,TGFCAB,ORDEMCARGAANT,NUMBER,,,"22,00","10,00","0,00",Y,190,,,"0,00",,,"0,00","110.780,00","0,00",30/10/2025 05:17,,,,YES,NO,"0,00","0,00",,NO,YES,NONE,NO,NO,,,,
SATISTST,TGFCAB,TPAMBNFE,VARCHAR2,,,"1,00",,,Y,191,,,"2,00",31,32,"0,50","96.440,00","1,00",30/10/2025 05:17,"1.434,00",CHAR_CS,1,YES,NO,"2,00","1,00",B,NO,YES,NONE,NO,NO,,,,USING_NLS_COMP
SATISTST,TGFCAB,PRZMED,NUMBER,,,"22,00","10,00","0,00",Y,192,,,"0,00",,,"0,00","110.780,00","0,00",30/10/2025 05:17,,,,YES,NO,"0,00","0,00",,NO,YES,NONE,NO,NO,,,,
SATISTST,TGFCAB,CODRESIDUO,NUMBER,,,"22,00","10,00","0,00",Y,193,,,"0,00",,,"0,00","110.780,00","0,00",30/10/2025 05:17,,,,YES,NO,"0,00","0,00",,NO,YES,NONE,NO,NO,,,,
SATISTST,TGFCAB,DTREF2,DATE,,,"7,00",,,Y,194,,,"0,00",,,"0,00","110.780,00","0,00",30/10/2025 05:17,,,,YES,NO,"1,00","0,00",,NO,YES,NONE,NO,NO,,,,
SATISTST,TGFCAB,VLRLIQITEMNFE,CHAR,,,"1,00",,,Y,195,,,"2,00",4E,53,"0,50","97.270,00","1,00",30/10/2025 05:17,"1.351,00",CHAR_CS,1,YES,NO,"2,00","1,00",B,NO,YES,NONE,NO,NO,,,,USING_NLS_COMP
SATISTST,TGFCAB,CLASCONS,VARCHAR2,,,"2,00",,,Y,196,,,"0,00",,,"0,00","110.780,00","0,00",30/10/2025 05:17,,CHAR_CS,2,YES,NO,"0,00","2,00",B,NO,YES,NONE,NO,NO,,,,USING_NLS_COMP
SATISTST,TGFCAB,NUMFORM,NUMBER,,,"22,00","10,00","0,00",Y,197,,,"0,00",,,"0,00","110.780,00","0,00",30/10/2025 05:17,,,,YES,NO,"0,00","0,00",,NO,YES,NONE,NO,NO,,,,
SATISTST,TGFCAB,DTREF3,DATE,,,"7,00",,,Y,198,,,"0,00",,,"0,00","110.780,00","0,00",30/10/2025 05:17,,,,YES,NO,"1,00","0,00",,NO,YES,NONE,NO,NO,,,,
SATISTST,TGFCAB,CODCC,NUMBER,,,"22,00","10,00","0,00",Y,199,,,"0,00",,,"0,00","110.780,00","0,00",30/10/2025 05:17,,,,YES,NO,"0,00","0,00",,NO,YES,NONE,NO,NO,,,,
SATISTST,TGFCAB,PRODUETLOC,CHAR,,,"1,00",,,Y,200,,,"1,00",4E,4E,"0,00","0,00","1,00",30/10/2025 05:17,"10.809,00",CHAR_CS,1,YES,NO,"2,00","1,00",B,NO,YES,FREQUENCY,NO,NO,,,,USING_NLS_COMP
SATISTST,TGFCAB,VLRSTEXTRANOTATOT,FLOAT,,,"22,00","126,00",,Y,201,,,"1,00",80,80,"0,00","680,00","1,00",30/10/2025 05:17,"10.741,00",,,YES,NO,"2,00","0,00",,NO,YES,FREQUENCY,NO,NO,,,,
SATISTST,TGFCAB,NUTRANEMP,NUMBER,,,"22,00","10,00","0,00",Y,202,,,"0,00",,,"0,00","110.780,00","0,00",30/10/2025 05:17,,,,YES,NO,"0,00","0,00",,NO,YES,NONE,NO,NO,,,,
SATISTST,TGFCAB,SITESPECIALRESP,VARCHAR2,,,"2,00",,,Y,203,,,"0,00",,,"0,00","110.780,00","0,00",30/10/2025 05:17,,CHAR_CS,2,YES,NO,"0,00","2,00",B,NO,YES,NONE,NO,NO,,,,USING_NLS_COMP
SATISTST,TGFCAB,DTENTSAIINFO,DATE,,,"7,00",,,Y,204,,,"0,00",,,"0,00","110.780,00","0,00",30/10/2025 05:17,,,,YES,NO,"1,00","0,00",,NO,YES,NONE,NO,NO,,,,
SATISTST,TGFCAB,EXIGEISSQN,VARCHAR2,,,"2,00",,,Y,205,,,"0,00",,,"0,00","110.780,00","0,00",30/10/2025 05:17,,CHAR_CS,2,YES,NO,"0,00","2,00",B,NO,YES,NONE,NO,NO,,,,USING_NLS_COMP
SATISTST,TGFCAB,REGESPTRIBUT,VARCHAR2,,,"2,00",,,Y,206,,,"0,00",,,"0,00","110.780,00","0,00",30/10/2025 05:17,,CHAR_CS,2,YES,NO,"0,00","2,00",B,NO,YES,NONE,NO,NO,,,,USING_NLS_COMP
SATISTST,TGFCAB,MOTNAORETERISSQN,VARCHAR2,,,"2,00",,,Y,207,,,"0,00",,,"0,00","110.780,00","0,00",30/10/2025 05:17,,CHAR_CS,2,YES,NO,"0,00","2,00",B,NO,YES,NONE,NO,NO,,,,USING_NLS_COMP
SATISTST,TGFCAB,DTREMRET,DATE,,,"7,00",,,Y,208,,,"0,00",,,"0,00","110.780,00","0,00",30/10/2025 05:17,,,,YES,NO,"1,00","0,00",,NO,YES,NONE,NO,NO,,,,
SATISTST,TGFCAB,LIBCONF,CHAR,,,"1,00",,,Y,209,,,"0,00",,,"0,00","110.780,00","0,00",30/10/2025 05:17,,CHAR_CS,1,YES,NO,"0,00","1,00",B,NO,YES,NONE,NO,NO,,,,USING_NLS_COMP
SATISTST,TGFCAB,NUCONFATUAL,NUMBER,,,"22,00","10,00","0,00",Y,210,,,"0,00",,,"0,00","110.780,00","0,00",30/10/2025 05:17,,,,YES,NO,"0,00","0,00",,NO,YES,NONE,NO,NO,,,,
SATISTST,TGFCAB,STATUSXTRATEGIE,VARCHAR2,,,"1,00",,,Y,211,,,"0,00",,,"0,00","110.780,00","0,00",30/10/2025 05:17,,CHAR_CS,1,YES,NO,"0,00","1,00",B,NO,YES,NONE,NO,NO,,,,USING_NLS_COMP
SATISTST,TGFCAB,CODSAF,NUMBER,,,"22,00","10,00","0,00",Y,212,,,"0,00",,,"0,00","110.780,00","0,00",30/10/2025 05:17,,,,YES,NO,"0,00","0,00",,NO,YES,NONE,NO,NO,,,,
SATISTST,TGFCAB,VLRFRETECALC,FLOAT,,,"22,00","126,00",,Y,213,,,"0,00",,,"0,00","110.780,00","0,00",30/10/2025 05:17,,,,YES,NO,"0,00","0,00",,NO,YES,NONE,NO,NO,,,,
SATISTST,TGFCAB,VLRJURODIST,FLOAT,,,"22,00","126,00",,Y,214,,,"0,00",,,"0,00","110.780,00","0,00",30/10/2025 05:17,,,,YES,NO,"0,00","0,00",,NO,YES,NONE,NO,NO,,,,
SATISTST,TGFCAB,NOTAEMPENHO,VARCHAR2,,,"22,00",,,Y,215,,,"0,00",,,"0,00","110.780,00","0,00",30/10/2025 05:17,,CHAR_CS,22,YES,NO,"0,00","22,00",B,NO,YES,NONE,NO,NO,,,,USING_NLS_COMP
SATISTST,TGFCAB,PESOBRUTOMANUAL,CHAR,,,"1,00",,,Y,216,,,"1,00",53,53,"1,00","110.190,00","1,00",30/10/2025 05:17,"59,00",CHAR_CS,1,YES,NO,"2,00","1,00",B,NO,YES,NONE,NO,NO,,,,USING_NLS_COMP
SATISTST,TGFCAB,PESOLIQUIMANUAL,CHAR,,,"1,00",,,Y,217,,,"2,00",4E,53,"0,50","110.590,00","1,00",30/10/2025 05:17,"19,00",CHAR_CS,1,YES,NO,"2,00","1,00",B,NO,YES,NONE,NO,NO,,,,USING_NLS_COMP
SATISTST,TGFCAB,CANCELADO,CHAR,,,"1,00",,,Y,218,,,"0,00",,,"0,00","110.780,00","0,00",30/10/2025 05:17,,CHAR_CS,1,YES,NO,"0,00","1,00",B,NO,YES,NONE,NO,NO,,,,USING_NLS_COMP
SATISTST,TGFCAB,CODTPD,NUMBER,,,"22,00","10,00","0,00",Y,219,,,"0,00",,,"0,00","110.780,00","0,00",30/10/2025 05:17,,,,YES,NO,"0,00","0,00",,NO,YES,NONE,NO,NO,,,,
SATISTST,TGFCAB,CODVTP,NUMBER,,,"22,00","10,00","0,00",Y,220,,,"0,00",,,"0,00","110.780,00","0,00",30/10/2025 05:17,,,,YES,NO,"0,00","0,00",,NO,YES,NONE,NO,NO,,,,
SATISTST,TGFCAB,NUPCA,NUMBER,,,"22,00","10,00","0,00",Y,221,,,"0,00",,,"0,00","110.780,00","0,00",30/10/2025 05:17,,,,YES,NO,"0,00","0,00",,NO,YES,NONE,NO,NO,,,,
SATISTST,TGFCAB,INDPRESNFCE,CHAR,,,"1,00",,,Y,222,,,"2,00",30,31,"0,00","0,00","2,00",30/10/2025 05:17,"10.809,00",CHAR_CS,1,YES,NO,"2,00","1,00",B,NO,YES,FREQUENCY,NO,NO,,,,USING_NLS_COMP
SATISTST,TGFCAB,M3,FLOAT,,,"22,00","126,00",,Y,223,,,"1,00",80,80,"1,00","98.700,00","1,00",30/10/2025 05:17,"1.208,00",,,YES,NO,"2,00","0,00",,NO,YES,NONE,NO,NO,,,,
SATISTST,TGFCAB,VLRTOTLIQITEMMOE,FLOAT,,,"22,00","126,00",,N,224,"2,00",0,"1,00",80,80,"0,00","0,00","1,00",30/10/2025 05:17,"10.809,00",,,YES,NO,"2,00","0,00",,NO,YES,FREQUENCY,NO,NO,,,,
SATISTST,TGFCAB,VLRDESCTOTITEMMOE,FLOAT,,,"22,00","126,00",,N,225,"2,00",0,"1,00",80,80,"0,00","0,00","1,00",30/10/2025 05:17,"10.809,00",,,YES,NO,"2,00","0,00",,NO,YES,FREQUENCY,NO,NO,,,,
SATISTST,TGFCAB,CHAVECTE,VARCHAR2,,,"44,00",,,Y,226,,,"4.480,00",3135323530333335313930313438303030313130353730303130303030303130383831313636313437333138,3533323431323335323230303334303030313736353730303130303030363535353531303030313131343937,"0,00","106.300,00","1,00",30/10/2025 05:17,"448,00",CHAR_CS,44,YES,NO,"3,00","44,00",B,NO,YES,NONE,NO,NO,,,,USING_NLS_COMP
SATISTST,TGFCAB,PRODPRED,VARCHAR2,,,"60,00",,,Y,227,,,"0,00",,,"0,00","110.780,00","0,00",30/10/2025 05:17,,CHAR_CS,60,YES,NO,"0,00","60,00",B,NO,YES,NONE,NO,NO,,,,USING_NLS_COMP
SATISTST,TGFCAB,TPEMISCTE,NUMBER,,,"22,00","5,00","0,00",Y,228,,,"1,00",C102,C102,"1,00","106.590,00","1,00",30/10/2025 05:17,"419,00",,,YES,NO,"2,00","0,00",,NO,YES,NONE,NO,NO,,,,
SATISTST,TGFCAB,TPAMBCTE,CHAR,,,"1,00",,,Y,229,,,"1,00",31,31,"1,00","106.380,00","1,00",30/10/2025 05:17,"440,00",CHAR_CS,1,YES,NO,"2,00","1,00",B,NO,YES,NONE,NO,NO,,,,USING_NLS_COMP
SATISTST,TGFCAB,LOTACAO,CHAR,,,"1,00",,,Y,230,,,"0,00",,,"0,00","110.780,00","0,00",30/10/2025 05:17,,CHAR_CS,1,YES,NO,"0,00","1,00",B,NO,YES,NONE,NO,NO,,,,USING_NLS_COMP
SATISTST,TGFCAB,STATUSCTE,CHAR,,,"1,00",,,Y,231,,,"2,00",54,54,"0,50","110.730,00","1,00",30/10/2025 05:17,"5,00",CHAR_CS,1,YES,NO,"2,00","1,00",B,NO,YES,NONE,NO,NO,,,,USING_NLS_COMP
SATISTST,TGFCAB,NUMALEATORIOCTE,NUMBER,,,"22,00","8,00","0,00",Y,232,,,"2.948,00",80,C4614F1C47,"0,00","106.590,00","1,00",30/10/2025 05:17,"419,00",,,YES,NO,"2,00","0,00",,NO,YES,NONE,NO,NO,,,,
SATISTST,TGFCAB,NUMPROTOCCTE,VARCHAR2,,,"30,00",,,Y,233,,,"0,00",,,"0,00","110.780,00","0,00",30/10/2025 05:17,,CHAR_CS,30,YES,NO,"0,00","30,00",B,NO,YES,NONE,NO,NO,,,,USING_NLS_COMP
SATISTST,TGFCAB,DHPROTOCCTE,DATE,,,"7,00",,,Y,234,,,"0,00",,,"0,00","110.780,00","0,00",30/10/2025 05:17,,,,YES,NO,"1,00","0,00",,NO,YES,NONE,NO,NO,,,,
SATISTST,TGFCAB,NULOTECTE,NUMBER,,,"22,00","10,00","0,00",Y,235,,,"0,00",,,"0,00","110.780,00","0,00",30/10/2025 05:17,,,,YES,NO,"0,00","0,00",,NO,YES,NONE,NO,NO,,,,
SATISTST,TGFCAB,DTDECLARA,DATE,,,"7,00",,,Y,236,,,"0,00",,,"0,00","110.780,00","0,00",30/10/2025 05:17,,,,YES,NO,"1,00","0,00",,NO,YES,NONE,NO,NO,,,,
SATISTST,TGFCAB,REBOQUE1,NUMBER,,,"22,00","10,00","0,00",Y,237,,,"0,00",,,"0,00","110.780,00","0,00",30/10/2025 05:17,,,,YES,NO,"0,00","0,00",,NO,YES,NONE,NO,NO,,,,
SATISTST,TGFCAB,REBOQUE2,NUMBER,,,"22,00","10,00","0,00",Y,238,,,"0,00",,,"0,00","110.780,00","0,00",30/10/2025 05:17,,,,YES,NO,"0,00","0,00",,NO,YES,NONE,NO,NO,,,,
SATISTST,TGFCAB,REBOQUE3,NUMBER,,,"22,00","10,00","0,00",Y,239,,,"0,00",,,"0,00","110.780,00","0,00",30/10/2025 05:17,,,,YES,NO,"0,00","0,00",,NO,YES,NONE,NO,NO,,,,
SATISTST,TGFCAB,SITUACAOCTE,CHAR,,,"1,00",,,Y,240,,,"0,00",,,"0,00","110.780,00","0,00",30/10/2025 05:17,,CHAR_CS,1,YES,NO,"0,00","1,00",B,NO,YES,NONE,NO,NO,,,,USING_NLS_COMP
SATISTST,TGFCAB,CTELOTACAO,CHAR,,,"1,00",,,Y,241,,,"0,00",,,"0,00","110.780,00","0,00",30/10/2025 05:17,,CHAR_CS,1,YES,NO,"0,00","1,00",B,NO,YES,NONE,NO,NO,,,,USING_NLS_COMP
SATISTST,TGFCAB,CODVEITRACAO,NUMBER,,,"22,00","10,00","0,00",Y,242,,,"0,00",,,"0,00","110.780,00","0,00",30/10/2025 05:17,,,,YES,NO,"0,00","0,00",,NO,YES,NONE,NO,NO,,,,
SATISTST,TGFCAB,CODOBRA,VARCHAR2,,,"15,00",,,Y,243,,,"0,00",,,"0,00","110.780,00","0,00",30/10/2025 05:17,,CHAR_CS,15,YES,NO,"0,00","15,00",B,NO,YES,NONE,NO,NO,,,,USING_NLS_COMP
SATISTST,TGFCAB,CODART,VARCHAR2,,,"15,00",,,Y,244,,,"0,00",,,"0,00","110.780,00","0,00",30/10/2025 05:17,,CHAR_CS,15,YES,NO,"0,00","15,00",B,NO,YES,NONE,NO,NO,,,,USING_NLS_COMP
SATISTST,TGFCAB,IDIPROC,NUMBER,,,"22,00","10,00","0,00",Y,245,,,"11.592,00",C102,C302181A,"0,00","96.500,00","1,00",30/10/2025 05:17,"1.428,00",,,YES,NO,"2,00","0,00",,NO,YES,NONE,NO,NO,,,,
SATISTST,TGFCAB,VIATRANSP,VARCHAR2,,,"2,00",,,Y,246,,,"0,00",,,"0,00","110.780,00","0,00",30/10/2025 05:17,,CHAR_CS,2,YES,NO,"0,00","2,00",B,NO,YES,NONE,NO,NO,,,,USING_NLS_COMP
SATISTST,TGFCAB,TIPPROCIMP,VARCHAR2,,,"1,00",,,Y,247,,,"0,00",,,"0,00","110.780,00","0,00",30/10/2025 05:17,,CHAR_CS,1,YES,NO,"0,00","1,00",B,NO,YES,NONE,NO,NO,,,,USING_NLS_COMP
SATISTST,TGFCAB,CNPJADQUIRENTE,VARCHAR2,,,"14,00",,,Y,248,,,"0,00",,,"0,00","110.780,00","0,00",30/10/2025 05:17,,CHAR_CS,14,YES,NO,"0,00","14,00",B,NO,YES,NONE,NO,NO,,,,USING_NLS_COMP
SATISTST,TGFCAB,UFADQUIRENTE,VARCHAR2,,,"2,00",,,Y,249,,,"0,00",,,"0,00","110.780,00","0,00",30/10/2025 05:17,,CHAR_CS,2,YES,NO,"0,00","2,00",B,NO,YES,NONE,NO,NO,,,,USING_NLS_COMP
SATISTST,TGFCAB,NUNOTASUB,NUMBER,,,"22,00","10,00","0,00",Y,250,,,"0,00",,,"0,00","110.780,00","0,00",30/10/2025 05:17,,,,YES,NO,"0,00","0,00",,NO,YES,NONE,NO,NO,,,,
SATISTST,TGFCAB,CHAVENFSE,VARCHAR2,,,"52,00",,,Y,251,,,"0,00",,,"0,00","110.780,00","0,00",30/10/2025 05:17,,CHAR_CS,52,YES,NO,"0,00","52,00",B,NO,YES,NONE,NO,NO,,,,USING_NLS_COMP
SATISTST,TGFCAB,DHEMISSEPEC,DATE,,,"7,00",,,Y,252,,,"50,00",787A0705102E07,787D050F122918,"0,02","110.730,00","1,00",30/10/2025 05:17,"5,00",,,YES,NO,"2,00","0,00",,NO,YES,NONE,NO,NO,,,,
SATISTST,TGFCAB,MODENTREGA,CHAR,,,"1,00",,,Y,253,,,"0,00",,,"0,00","110.780,00","0,00",30/10/2025 05:17,,CHAR_CS,1,YES,NO,"0,00","1,00",B,NO,YES,NONE,NO,NO,,,,USING_NLS_COMP
SATISTST,TGFCAB,VLRICMSDIFALDEST,FLOAT,,,"22,00","126,00",,Y,254,,,"18,00",80,C214541D,"0,06","104.210,00","1,00",30/10/2025 05:17,"657,00",,,YES,NO,"2,00","0,00",,NO,YES,NONE,NO,NO,,,,
SATISTST,TGFCAB,VLRICMSDIFALREM,FLOAT,,,"22,00","126,00",,Y,255,,,"1,00",80,80,"1,00","104.210,00","1,00",30/10/2025 05:17,"657,00",,,YES,NO,"2,00","0,00",,NO,YES,NONE,NO,NO,,,,
SATISTST,TGFCAB,CIOT,NUMBER,,,"22,00","12,00","0,00",Y,256,,,"0,00",,,"0,00","110.780,00","0,00",30/10/2025 05:17,,,,YES,NO,"0,00","0,00",,NO,YES,NONE,NO,NO,,,,
SATISTST,TGFCAB,VLRICMSFCP,FLOAT,,,"22,00","126,00",,Y,257,,,"1,00",80,80,"1,00","104.210,00","1,00",30/10/2025 05:17,"657,00",,,YES,NO,"2,00","0,00",,NO,YES,NONE,NO,NO,,,,
SATISTST,TGFCAB,VLRFRETETOTAL,FLOAT,,,"22,00","126,00",,Y,258,,,"1.988,00",3C63501B4E66,C303390242,"0,00","104.190,00","1,00",30/10/2025 05:17,"659,00",,,YES,NO,"2,00","0,00",,NO,YES,NONE,NO,NO,,,,
SATISTST,TGFCAB,CODPARCTRANSPFINAL,NUMBER,,,"22,00","10,00","0,00",Y,259,,,"0,00",,,"0,00","110.780,00","0,00",30/10/2025 05:17,,,,YES,NO,"0,00","0,00",,NO,YES,NONE,NO,NO,,,,
SATISTST,TGFCAB,FUSOEMISSEPEC,VARCHAR2,,,"6,00",,,Y,260,,,"2,00",2D30333A3030,2D30333A3030,"0,50","110.720,00","1,00",30/10/2025 05:17,"6,00",CHAR_CS,6,YES,NO,"2,00","6,00",B,NO,YES,NONE,NO,NO,,,,USING_NLS_COMP
SATISTST,TGFCAB,CHAVENFEREF,VARCHAR2,,,"44,00",,,Y,261,,,"1.057,00",3231323431323032363737363535303030363339353530303130303030303030323331383438363532343934,3532323530363032363737363535303030373130353530303130303030303134393531363031393236303938,"0,00","107.960,00","1,00",30/10/2025 05:17,"282,00",CHAR_CS,44,YES,NO,"3,00","44,00",B,NO,YES,NONE,NO,NO,,,,USING_NLS_COMP
SATISTST,TGFCAB,VLRDESCRAT,FLOAT,,,"22,00","126,00",,Y,262,,,"0,00",,,"0,00","110.780,00","0,00",30/10/2025 05:17,,,,YES,NO,"0,00","0,00",,NO,YES,NONE,NO,NO,,,,
SATISTST,TGFCAB,SEQCONFIRMA,NUMBER,,,"22,00","10,00","0,00",Y,263,,,"0,00",,,"0,00","110.780,00","0,00",30/10/2025 05:17,,,,YES,NO,"0,00","0,00",,NO,YES,NONE,NO,NO,,,,
SATISTST,TGFCAB,CODCONTATOENTREGA,NUMBER,,,"22,00","10,00","0,00",Y,264,,,"0,00",,,"0,00","110.780,00","0,00",30/10/2025 05:17,,,,YES,NO,"0,00","0,00",,NO,YES,NONE,NO,NO,,,,
SATISTST,TGFCAB,CODCIDORIGEM,NUMBER,,,"22,00","10,00","0,00",Y,265,,,"295,00",C103,C23945,"0,00","2.600,00","254,00",30/10/2025 05:17,"10.549,00",,,YES,NO,"4,00","0,00",,NO,YES,HEIGHT BALANCED,NO,NO,,,,
SATISTST,TGFCAB,CODCIDDESTINO,NUMBER,,,"22,00","10,00","0,00",Y,266,,,"313,00",80,C23935,"0,00","2.600,00","254,00",30/10/2025 05:17,"10.549,00",,,YES,NO,"4,00","0,00",,NO,YES,HEIGHT BALANCED,NO,NO,,,,
SATISTST,TGFCAB,CODCIDENTREGA,NUMBER,,,"22,00","10,00","0,00",Y,267,,,"1,00",80,80,"0,00","2.600,00","1,00",30/10/2025 05:17,"10.549,00",,,YES,NO,"2,00","0,00",,NO,YES,FREQUENCY,NO,NO,,,,
SATISTST,TGFCAB,CODUFORIGEM,NUMBER,,,"22,00","5,00","0,00",Y,268,,,"22,00",C102,C120,"0,00","2.600,00","22,00",30/10/2025 05:17,"10.549,00",,,YES,NO,"3,00","0,00",,NO,YES,FREQUENCY,NO,NO,,,,
SATISTST,TGFCAB,CODUFDESTINO,NUMBER,,,"22,00","5,00","0,00",Y,269,,,"24,00",80,C120,"0,00","2.600,00","24,00",30/10/2025 05:17,"10.549,00",,,YES,NO,"3,00","0,00",,NO,YES,FREQUENCY,NO,NO,,,,
SATISTST,TGFCAB,CODUFENTREGA,NUMBER,,,"22,00","5,00","0,00",Y,270,,,"1,00",80,80,"0,00","2.600,00","1,00",30/10/2025 05:17,"10.549,00",,,YES,NO,"2,00","0,00",,NO,YES,FREQUENCY,NO,NO,,,,
SATISTST,TGFCAB,CLASSIFICMS,CHAR,,,"1,00",,,Y,271,,,"5,00",43,58,"0,00","2.560,00","5,00",30/10/2025 05:17,"10.553,00",CHAR_CS,1,YES,NO,"2,00","1,00",B,NO,YES,FREQUENCY,NO,NO,,,,USING_NLS_COMP
SATISTST,TGFCAB,NUFOP,NUMBER,,,"22,00","5,00","0,00",Y,272,,,"2,00",C102,C103,"0,00","63.040,00","2,00",30/10/2025 05:17,"4.505,00",,,YES,NO,"2,00","0,00",,NO,YES,FREQUENCY,NO,NO,,,,
SATISTST,TGFCAB,CODRASTREAMENTOECT,VARCHAR2,,,"30,00",,,Y,273,,,"0,00",,,"0,00","110.780,00","0,00",30/10/2025 05:17,,CHAR_CS,30,YES,NO,"0,00","30,00",B,NO,YES,NONE,NO,NO,,,,USING_NLS_COMP
SATISTST,TGFCAB,NUODP,NUMBER,,,"22,00","10,00","0,00",Y,274,,,"0,00",,,"0,00","110.780,00","0,00",30/10/2025 05:17,,,,YES,NO,"0,00","0,00",,NO,YES,NONE,NO,NO,,,,
SATISTST,TGFCAB,NUPEDFRETE,NUMBER,,,"22,00","10,00","0,00",Y,275,,,"0,00",,,"0,00","110.780,00","0,00",30/10/2025 05:17,,,,YES,NO,"0,00","0,00",,NO,YES,NONE,NO,NO,,,,
SATISTST,TGFCAB,CODCIDPREST,NUMBER,,,"22,00","10,00","0,00",Y,276,,,"0,00",,,"0,00","110.780,00","0,00",30/10/2025 05:17,,,,YES,NO,"0,00","0,00",,NO,YES,NONE,NO,NO,,,,
SATISTST,TGFCAB,FORMPGTCTE,CHAR,,,"1,00",,,Y,277,,,"0,00",,,"0,00","110.780,00","0,00",30/10/2025 05:17,,CHAR_CS,1,YES,NO,"0,00","1,00",B,NO,YES,NONE,NO,NO,,,,USING_NLS_COMP
SATISTST,TGFCAB,PERCDESCFOB,FLOAT,,,"22,00","126,00",,Y,278,,,"0,00",,,"0,00","110.780,00","0,00",30/10/2025 05:17,,,,YES,NO,"0,00","0,00",,NO,YES,NONE,NO,NO,,,,
SATISTST,TGFCAB,TPAMBNFSE,CHAR,,,"1,00",,,Y,279,,,"0,00",,,"0,00","110.780,00","0,00",30/10/2025 05:17,,CHAR_CS,1,YES,NO,"0,00","1,00",B,NO,YES,NONE,NO,NO,,,,USING_NLS_COMP
SATISTST,TGFCAB,TERMACORDNOTA,CHAR,,,"1,00",,,Y,280,,,"1,00",4E,4E,"1,00","106.380,00","1,00",30/10/2025 05:17,"440,00",CHAR_CS,1,YES,NO,"2,00","1,00",B,NO,YES,NONE,NO,NO,,,,USING_NLS_COMP
SATISTST,TGFCAB,VLRDESCQTD,FLOAT,,,"22,00","126,00",,Y,281,,,"0,00",,,"0,00","110.780,00","0,00",30/10/2025 05:17,,,,YES,NO,"0,00","0,00",,NO,YES,NONE,NO,NO,,,,
SATISTST,TGFCAB,VLRICMSFCPINT,FLOAT,,,"22,00","126,00",,Y,282,,,"0,00",,,"0,00","110.780,00","0,00",30/10/2025 05:17,,,,YES,NO,"0,00","0,00",,NO,YES,NONE,NO,NO,,,,
SATISTST,TGFCAB,VLRSTFCPINT,FLOAT,,,"22,00","126,00",,Y,283,,,"0,00",,,"0,00","110.780,00","0,00",30/10/2025 05:17,,,,YES,NO,"0,00","0,00",,NO,YES,NONE,NO,NO,,,,
SATISTST,TGFCAB,VLRSTFCPINTANT,FLOAT,,,"22,00","126,00",,Y,284,,,"0,00",,,"0,00","110.780,00","0,00",30/10/2025 05:17,,,,YES,NO,"0,00","0,00",,NO,YES,NONE,NO,NO,,,,
SATISTST,TGFCAB,CTEGLOBAL,CHAR,,,"1,00",,,Y,285,,,"0,00",,,"0,00","110.780,00","0,00",30/10/2025 05:17,,CHAR_CS,1,YES,NO,"0,00","1,00",B,NO,YES,NONE,NO,NO,,,,USING_NLS_COMP
SATISTST,TGFCAB,VLRCARGAAVERB,FLOAT,,,"22,00","126,00",,Y,286,,,"0,00",,,"0,00","110.780,00","0,00",30/10/2025 05:17,,,,YES,NO,"0,00","0,00",,NO,YES,NONE,NO,NO,,,,
SATISTST,TGFCAB,CODCIDINICTE,NUMBER,,,"22,00","10,00","0,00",Y,287,,,"39,00",C103,C23849,"0,03","106.380,00","1,00",30/10/2025 05:17,"440,00",,,YES,NO,"2,00","0,00",,NO,YES,NONE,NO,NO,,,,
SATISTST,TGFCAB,CODCIDFIMCTE,NUMBER,,,"22,00","10,00","0,00",Y,288,,,"146,00",C103,C23943,"0,01","106.380,00","1,00",30/10/2025 05:17,"440,00",,,YES,NO,"2,00","0,00",,NO,YES,NONE,NO,NO,,,,
SATISTST,TGFCAB,NUCFR,NUMBER,,,"22,00","10,00","0,00",Y,289,,,"0,00",,,"0,00","110.780,00","0,00",30/10/2025 05:17,,,,YES,NO,"0,00","0,00",,NO,YES,NONE,NO,NO,,,,
SATISTST,TGFCAB,NFEDEVRECUSA,CHAR,,,"1,00",,,Y,290,,,"1,00",53,53,"1,00","110.760,00","1,00",30/10/2025 05:17,"2,00",CHAR_CS,1,YES,NO,"2,00","1,00",B,NO,YES,NONE,NO,NO,,,,USING_NLS_COMP
SATISTST,TGFCAB,AGRUPFINNOTA,VARCHAR2,,,"1,00",,,Y,291,,,"0,00",,,"0,00","110.780,00","0,00",30/10/2025 05:17,,CHAR_CS,1,YES,NO,"0,00","1,00",B,NO,YES,NONE,NO,NO,,,,USING_NLS_COMP
SATISTST,TGFCAB,VLRPRESTAFRMM,FLOAT,,,"22,00","126,00",,Y,292,,,"0,00",,,"0,00","110.780,00","0,00",30/10/2025 05:17,,,,YES,NO,"0,00","0,00",,NO,YES,NONE,NO,NO,,,,
SATISTST,TGFCAB,VLRAFRMM,FLOAT,,,"22,00","126,00",,Y,293,,,"0,00",,,"0,00","110.780,00","0,00",30/10/2025 05:17,,,,YES,NO,"0,00","0,00",,NO,YES,NONE,NO,NO,,,,
SATISTST,TGFCAB,IDNAVIO,VARCHAR2,,,"60,00",,,Y,294,,,"0,00",,,"0,00","110.780,00","0,00",30/10/2025 05:17,,CHAR_CS,60,YES,NO,"0,00","60,00",B,NO,YES,NONE,NO,NO,,,,USING_NLS_COMP
SATISTST,TGFCAB,IRINNAVIO,VARCHAR2,,,"10,00",,,Y,295,,,"0,00",,,"0,00","110.780,00","0,00",30/10/2025 05:17,,CHAR_CS,10,YES,NO,"0,00","10,00",B,NO,YES,NONE,NO,NO,,,,USING_NLS_COMP
SATISTST,TGFCAB,DIRECAOVIAG,CHAR,,,"1,00",,,Y,296,,,"0,00",,,"0,00","110.780,00","0,00",30/10/2025 05:17,,CHAR_CS,1,YES,NO,"0,00","1,00",B,NO,YES,NONE,NO,NO,,,,USING_NLS_COMP
SATISTST,TGFCAB,IDBALSA01,VARCHAR2,,,"60,00",,,Y,297,,,"0,00",,,"0,00","110.780,00","0,00",30/10/2025 05:17,,CHAR_CS,60,YES,NO,"0,00","60,00",B,NO,YES,NONE,NO,NO,,,,USING_NLS_COMP
SATISTST,TGFCAB,IDBALSA02,VARCHAR2,,,"60,00",,,Y,298,,,"0,00",,,"0,00","110.780,00","0,00",30/10/2025 05:17,,CHAR_CS,60,YES,NO,"0,00","60,00",B,NO,YES,NONE,NO,NO,,,,USING_NLS_COMP
SATISTST,TGFCAB,IDBALSA03,VARCHAR2,,,"60,00",,,Y,299,,,"0,00",,,"0,00","110.780,00","0,00",30/10/2025 05:17,,CHAR_CS,60,YES,NO,"0,00","60,00",B,NO,YES,NONE,NO,NO,,,,USING_NLS_COMP
SATISTST,TGFCAB,CONFIRMNOTAFAT,VARCHAR2,,,"1,00",,,Y,300,,,"0,00",,,"0,00","110.780,00","0,00",30/10/2025 05:17,,CHAR_CS,1,YES,NO,"0,00","1,00",B,NO,YES,NONE,NO,NO,,,,USING_NLS_COMP
SATISTST,TGFCAB,PERMALTERCENTRAL,VARCHAR2,,,"60,00",,,Y,301,,,"1,00",53,53,"1,00","103.820,00","1,00",30/10/2025 05:17,"696,00",CHAR_CS,60,YES,NO,"2,00","60,00",B,NO,YES,NONE,NO,NO,,,,USING_NLS_COMP
SATISTST,TGFCAB,CODGUF,NUMBER,,,"22,00","5,00","0,00",Y,302,,,"0,00",,,"0,00","110.780,00","0,00",30/10/2025 05:17,,,,YES,NO,"0,00","0,00",,NO,YES,NONE,NO,NO,,,,
SATISTST,TGFCAB,FINALIZADOFOX,CHAR,,,"1,00",,,Y,303,,,"0,00",,,"0,00","110.780,00","0,00",30/10/2025 05:17,,CHAR_CS,1,YES,NO,"0,00","1,00",B,NO,YES,NONE,NO,NO,,,,USING_NLS_COMP
SATISTST,TGFCAB,VLRREPREDTOTSEMDESC,FLOAT,,,"22,00","126,00",,Y,304,,,"252,00",80,C30A365607,"0,00","680,00","251,00",30/10/2025 05:17,"10.741,00",,,YES,NO,"3,00","0,00",,NO,YES,FREQUENCY,NO,NO,,,,
SATISTST,TGFCAB,NUMCUPOMECONECT,NUMBER,,,"22,00","10,00","0,00",Y,305,,,"0,00",,,"0,00","110.780,00","0,00",30/10/2025 05:17,,,,YES,NO,"0,00","0,00",,NO,YES,NONE,NO,NO,,,,
SATISTST,TGFCAB,TIMNUFINORIG,NUMBER,,,"22,00","10,00","0,00",Y,306,,,"0,00",,,"0,00","110.780,00","0,00",30/10/2025 05:17,,,,YES,NO,"0,00","0,00",,NO,YES,NONE,NO,NO,,,,
SATISTST,TGFCAB,TIMCONTRATOVENDA,NUMBER,,,"22,00","10,00","0,00",Y,307,,,"0,00",,,"0,00","110.780,00","0,00",30/10/2025 05:17,,,,YES,NO,"0,00","0,00",,NO,YES,NONE,NO,NO,,,,
SATISTST,TGFCAB,TIMORIGEM,CHAR,,,"2,00",,,Y,308,,,"0,00",,,"0,00","110.780,00","0,00",30/10/2025 05:17,,CHAR_CS,2,YES,NO,"0,00","2,00",B,NO,YES,NONE,NO,NO,,,,USING_NLS_COMP
SATISTST,TGFCAB,TIMCONTRATOLTV,NUMBER,,,"22,00","10,00","0,00",Y,309,,,"0,00",,,"0,00","110.780,00","0,00",30/10/2025 05:17,,,,YES,NO,"0,00","0,00",,NO,YES,NONE,NO,NO,,,,
SATISTST,TGFCAB,TIMNUNOTAMOD,NUMBER,,,"22,00","10,00","0,00",Y,310,,,"0,00",,,"0,00","110.780,00","0,00",30/10/2025 05:17,,,,YES,NO,"0,00","0,00",,NO,YES,NONE,NO,NO,,,,
SATISTST,TGFCAB,DTEXTEMPK280,DATE,,,"7,00",,,Y,311,,,"0,00",,,"0,00","110.780,00","0,00",30/10/2025 05:17,,,,YES,NO,"1,00","0,00",,NO,YES,NONE,NO,NO,,,,
SATISTST,TGFCAB,LATITUDE,VARCHAR2,,,"255,00",,,Y,312,,,"0,00",,,"0,00","110.780,00","0,00",30/10/2025 05:17,,CHAR_CS,255,YES,NO,"0,00","255,00",B,NO,YES,NONE,NO,NO,,,,USING_NLS_COMP
SATISTST,TGFCAB,LONGITUDE,VARCHAR2,,,"255,00",,,Y,313,,,"0,00",,,"0,00","110.780,00","0,00",30/10/2025 05:17,,CHAR_CS,255,YES,NO,"0,00","255,00",B,NO,YES,NONE,NO,NO,,,,USING_NLS_COMP
SATISTST,TGFCAB,CODPARCDESCARGAMDFE,NUMBER,,,"22,00","10,00","0,00",Y,314,,,"0,00",,,"0,00","110.780,00","0,00",30/10/2025 05:17,,,,YES,NO,"0,00","0,00",,NO,YES,NONE,NO,NO,,,,
SATISTST,TGFCAB,CODDOCARRECAD,NUMBER,,,"22,00","5,00","0,00",Y,315,,,"0,00",,,"0,00","110.780,00","0,00",30/10/2025 05:17,,,,YES,NO,"0,00","0,00",,NO,YES,NONE,NO,NO,,,,
SATISTST,TGFCAB,NUMDOCARRECAD,VARCHAR2,,,"30,00",,,Y,316,,,"0,00",,,"0,00","110.780,00","0,00",30/10/2025 05:17,,CHAR_CS,30,YES,NO,"0,00","30,00",B,NO,YES,NONE,NO,NO,,,,USING_NLS_COMP
SATISTST,TGFCAB,PREMIACAOESTADUAL,VARCHAR2,,,"255,00",,,Y,317,,,"0,00",,,"0,00","110.780,00","0,00",30/10/2025 05:17,,CHAR_CS,255,YES,NO,"0,00","255,00",B,NO,YES,NONE,NO,NO,,,,USING_NLS_COMP
SATISTST,TGFCAB,NFSEID,VARCHAR2,,,"50,00",,,Y,318,,,"0,00",,,"0,00","110.780,00","0,00",30/10/2025 05:17,,CHAR_CS,50,YES,NO,"0,00","50,00",B,NO,YES,NONE,NO,NO,,,,USING_NLS_COMP
SATISTST,TGFCAB,CODPARCDEPO,NUMBER,,,"22,00","10,00","0,00",Y,319,,,"0,00",,,"0,00","110.780,00","0,00",30/10/2025 05:17,,,,YES,NO,"0,00","0,00",,NO,YES,NONE,NO,NO,,,,
SATISTST,TGFCAB,VLRFETHAB,FLOAT,,,"22,00","126,00",,Y,320,,,"1,00",80,80,"0,00","680,00","1,00",30/10/2025 05:17,"10.741,00",,,YES,NO,"2,00","0,00",,NO,YES,FREQUENCY,NO,NO,,,,
SATISTST,TGFCAB,CODCHECKOUT,NUMBER,,,"22,00","10,00","0,00",Y,321,,,"0,00",,,"0,00","110.780,00","0,00",30/10/2025 05:17,,,,YES,NO,"0,00","0,00",,NO,YES,NONE,NO,NO,,,,
SATISTST,TGFCAB,BASEICMSAT,FLOAT,,,"22,00","126,00",,Y,322,,,"0,00",,,"0,00","110.780,00","0,00",30/10/2025 05:17,,,,YES,NO,"0,00","0,00",,NO,YES,NONE,NO,NO,,,,
SATISTST,TGFCAB,VLRICMSAT,FLOAT,,,"22,00","126,00",,Y,323,,,"0,00",,,"0,00","110.780,00","0,00",30/10/2025 05:17,,,,YES,NO,"0,00","0,00",,NO,YES,NONE,NO,NO,,,,
SATISTST,TGFCAB,DISDESAUTIMPEMB,CHAR,,,"1,00",,,Y,324,,,"0,00",,,"0,00","110.780,00","0,00",30/10/2025 05:17,,CHAR_CS,1,YES,NO,"0,00","1,00",B,NO,YES,NONE,NO,NO,,,,USING_NLS_COMP
SATISTST,TGFCAB,IDDESCPARCERIA,NUMBER,,,"22,00","19,00","0,00",Y,325,,,"0,00",,,"0,00","110.780,00","0,00",30/10/2025 05:17,,,,YES,NO,"0,00","0,00",,NO,YES,NONE,NO,NO,,,,
SATISTST,TGFCAB,VLRDESCPARCERIA,NUMBER,,,"22,00","18,00","4,00",Y,326,,,"0,00",,,"0,00","110.780,00","0,00",30/10/2025 05:17,,,,YES,NO,"0,00","0,00",,NO,YES,NONE,NO,NO,,,,
SATISTST,TGFCAB,CLIENTEIDPARCERIA,NUMBER,,,"22,00","19,00","0,00",Y,327,,,"0,00",,,"0,00","110.780,00","0,00",30/10/2025 05:17,,,,YES,NO,"0,00","0,00",,NO,YES,NONE,NO,NO,,,,
SATISTST,TGFCAB,IDPONTUACAOPARCERIA,NUMBER,,,"22,00","19,00","0,00",Y,328,,,"0,00",,,"0,00","110.780,00","0,00",30/10/2025 05:17,,,,YES,NO,"0,00","0,00",,NO,YES,NONE,NO,NO,,,,
SATISTST,TGFCAB,VALORDESONPISCOFINS,FLOAT,,,"22,00","126,00",,Y,329,,,"0,00",,,"0,00","110.780,00","0,00",30/10/2025 05:17,,,,YES,NO,"0,00","0,00",,NO,YES,NONE,NO,NO,,,,
SATISTST,TGFCAB,NUNOTAORIGCORTE,NUMBER,,,"22,00","10,00","0,00",Y,330,,,"0,00",,,"0,00","110.780,00","0,00",30/10/2025 05:17,,,,YES,NO,"0,00","0,00",,NO,YES,NONE,NO,NO,,,,
SATISTST,TGFCAB,BASEICMSSTFRETE,FLOAT,,,"22,00","126,00",,Y,331,,,"0,00",,,"0,00","110.780,00","0,00",30/10/2025 05:17,,,,YES,NO,"0,00","0,00",,NO,YES,NONE,NO,NO,,,,
SATISTST,TGFCAB,ICMSSTFRETE,FLOAT,,,"22,00","126,00",,Y,332,,,"0,00",,,"0,00","110.780,00","0,00",30/10/2025 05:17,,,,YES,NO,"0,00","0,00",,NO,YES,NONE,NO,NO,,,,
SATISTST,TGFCAB,VLRREPREDST,FLOAT,,,"22,00","126,00",,Y,333,,,"1,00",80,80,"0,00","57.920,00","1,00",30/10/2025 05:17,"5.017,00",,,YES,NO,"2,00","0,00",,NO,YES,FREQUENCY,NO,NO,,,,
SATISTST,TGFCAB,CODINTERM,NUMBER,,,"22,00","10,00","0,00",Y,334,,,"0,00",,,"0,00","110.780,00","0,00",30/10/2025 05:17,,,,YES,NO,"0,00","0,00",,NO,YES,NONE,NO,NO,,,,
SATISTST,TGFCAB,INTERMED,VARCHAR2,,,"1,00",,,Y,335,,,"0,00",,,"0,00","110.780,00","0,00",30/10/2025 05:17,,CHAR_CS,1,YES,NO,"0,00","1,00",B,NO,YES,NONE,NO,NO,,,,USING_NLS_COMP
SATISTST,TGFCAB,FISTEL,VARCHAR2,,,"11,00",,,Y,336,,,"0,00",,,"0,00","110.780,00","0,00",30/10/2025 05:17,,CHAR_CS,11,YES,NO,"0,00","11,00",B,NO,YES,NONE,NO,NO,,,,USING_NLS_COMP
SATISTST,TGFCAB,NUMCSTC,NUMBER,,,"22,00","10,00","0,00",Y,337,,,"0,00",,,"0,00","110.780,00","0,00",30/10/2025 05:17,,,,YES,NO,"0,00","0,00",,NO,YES,NONE,NO,NO,,,,
SATISTST,TGFCAB,QTDUSU,NUMBER,,,"22,00","10,00","0,00",Y,338,,,"0,00",,,"0,00","110.780,00","0,00",30/10/2025 05:17,,,,YES,NO,"0,00","0,00",,NO,YES,NONE,NO,NO,,,,
SATISTST,TGFCAB,NUMTERMTEL,VARCHAR2,,,"13,00",,,Y,339,,,"0,00",,,"0,00","110.780,00","0,00",30/10/2025 05:17,,CHAR_CS,13,YES,NO,"0,00","13,00",B,NO,YES,NONE,NO,NO,,,,USING_NLS_COMP
SATISTST,TGFCAB,TIPCLIENTESERVCOM,NUMBER,,,"22,00","5,00","0,00",Y,340,,,"0,00",,,"0,00","110.780,00","0,00",30/10/2025 05:17,,,,YES,NO,"0,00","0,00",,NO,YES,NONE,NO,NO,,,,
SATISTST,TGFCAB,MD5MODCOMTEL,VARCHAR2,,,"32,00",,,Y,341,,,"0,00",,,"0,00","110.780,00","0,00",30/10/2025 05:17,,CHAR_CS,32,YES,NO,"0,00","32,00",B,NO,YES,NONE,NO,NO,,,,USING_NLS_COMP
SATISTST,TGFCAB,INDNEGMODAL,CHAR,,,"1,00",,,Y,342,,,"1,00",30,30,"0,00","5.420,00","1,00",30/10/2025 05:17,"10.267,00",CHAR_CS,1,YES,NO,"2,00","1,00",B,NO,YES,FREQUENCY,NO,NO,,,,USING_NLS_COMP
SATISTST,TGFCAB,CODPARCRETIRADA,NUMBER,,,"22,00","5,00","0,00",Y,343,,,"0,00",,,"0,00","110.780,00","0,00",30/10/2025 05:17,,,,YES,NO,"0,00","0,00",,NO,YES,NONE,NO,NO,,,,
SATISTST,TGFCAB,AD_DUPLENV,VARCHAR2,,,"10,00",,,Y,344,,,"2,00",4E,53,"0,50","102.160,00","1,00",30/10/2025 05:17,"862,00",CHAR_CS,10,YES,NO,"2,00","10,00",B,NO,YES,NONE,NO,NO,,,,USING_NLS_COMP
SATISTST,TGFCAB,AD_NUNOTANF,NUMBER,,,"22,00","10,00","0,00",Y,345,,,"63,00",C21C29,C3026363,"0,02","110.630,00","1,00",30/10/2025 05:17,"15,00",,,YES,NO,"2,00","0,00",,NO,YES,NONE,NO,NO,,,,
SATISTST,TGFCAB,AD_URGENCIA,VARCHAR2,,,"10,00",,,Y,346,,,"0,00",,,"0,00","110.780,00","0,00",30/10/2025 05:17,,CHAR_CS,10,YES,NO,"0,00","10,00",B,NO,YES,NONE,NO,NO,,,,USING_NLS_COMP
SATISTST,TGFCAB,AD_EMBARQUE,VARCHAR2,,,"100,00",,,Y,347,,,"0,00",,,"0,00","110.780,00","0,00",30/10/2025 05:17,,CHAR_CS,100,YES,NO,"0,00","100,00",B,NO,YES,NONE,NO,NO,,,,USING_NLS_COMP
SATISTST,TGFCAB,AD_DT_EMBARQUE,DATE,,,"7,00",,,Y,348,,,"0,00",,,"0,00","110.780,00","0,00",30/10/2025 05:17,,,,YES,NO,"1,00","0,00",,NO,YES,NONE,NO,NO,,,,
SATISTST,TGFCAB,AD_DT_CHEGADA_PORTO,DATE,,,"7,00",,,Y,349,,,"0,00",,,"0,00","110.780,00","0,00",30/10/2025 05:17,,,,YES,NO,"1,00","0,00",,NO,YES,NONE,NO,NO,,,,
SATISTST,TGFCAB,AD_DT_CHEGADA_FABRICA,DATE,,,"7,00",,,Y,350,,,"0,00",,,"0,00","110.780,00","0,00",30/10/2025 05:17,,,,YES,NO,"1,00","0,00",,NO,YES,NONE,NO,NO,,,,
SATISTST,TGFCAB,AD_DTENTREGAEFETIVA,DATE,,,"7,00",,,Y,351,,,"205,00",787A040E010101,787D0715010101,"0,00","88.580,00","1,00",30/10/2025 05:17,"2.220,00",,,YES,NO,"3,00","0,00",,NO,YES,NONE,NO,NO,,,,
SATISTST,TGFCAB,AD_ESTRADATERRA,VARCHAR2,,,"10,00",,,Y,352,,,"0,00",,,"0,00","110.780,00","0,00",30/10/2025 05:17,,CHAR_CS,10,YES,NO,"0,00","10,00",B,NO,YES,NONE,NO,NO,,,,USING_NLS_COMP
SATISTST,TGFCAB,AD_QTDKMTERRA,FLOAT,,,"22,00","126,00",,Y,353,,,"0,00",,,"0,00","110.780,00","0,00",30/10/2025 05:17,,,,YES,NO,"0,00","0,00",,NO,YES,NONE,NO,NO,,,,
SATISTST,TGFCAB,AD_HRRECINI,DATE,,,"7,00",,,Y,354,,,"10,00",787A0608090101,787A0608090101,"0,10","110.770,00","1,00",30/10/2025 05:17,"1,00",,,YES,NO,"2,00","0,00",,NO,YES,NONE,NO,NO,,,,
SATISTST,TGFCAB,AD_HRRECFIN,DATE,,,"7,00",,,Y,355,,,"10,00",787A0608130101,787A0608130101,"0,10","110.770,00","1,00",30/10/2025 05:17,"1,00",,,YES,NO,"2,00","0,00",,NO,YES,NONE,NO,NO,,,,
SATISTST,TGFCAB,AD_RESTVEICULO,VARCHAR2,,,"100,00",,,Y,356,,,"0,00",,,"0,00","110.780,00","0,00",30/10/2025 05:17,,CHAR_CS,100,YES,NO,"0,00","100,00",B,NO,YES,NONE,NO,NO,,,,USING_NLS_COMP
SATISTST,TGFCAB,AD_CODTIPVENDAORIG,NUMBER,,,"22,00","10,00","0,00",Y,357,,,"55,00",80,C159,"0,00","140,00","55,00",30/10/2025 05:17,"10.795,00",,,YES,NO,"3,00","0,00",,NO,YES,FREQUENCY,NO,NO,,,,
SATISTST,TGFCAB,AD_IMPSALDO,VARCHAR2,,,"10,00",,,Y,358,,,"0,00",,,"0,00","110.780,00","0,00",30/10/2025 05:17,,CHAR_CS,10,YES,NO,"0,00","10,00",B,NO,YES,NONE,NO,NO,,,,USING_NLS_COMP
SATISTST,TGFCAB,AD_NUNOTATRANSF,NUMBER,,,"22,00","10,00","0,00",Y,359,,,"0,00",,,"0,00","110.780,00","0,00",30/10/2025 05:17,,,,YES,NO,"0,00","0,00",,NO,YES,NONE,NO,NO,,,,
SATISTST,TGFCAB,AD_DTENTREGAPREV,DATE,,,"7,00",,,Y,360,,,"440,00",787A041C010101,787D071F010101,"0,00","82.570,00","254,00",30/10/2025 05:17,"2.552,00",,,YES,NO,"3,00","0,00",,NO,YES,HEIGHT BALANCED,NO,NO,,,,
SATISTST,TGFCAB,AD_DTCOLETAEFETIVA,DATE,,,"7,00",,,Y,361,,,"230,00",787A0408010101,787D0715010101,"0,00","88.200,00","1,00",30/10/2025 05:17,"2.258,00",,,YES,NO,"3,00","0,00",,NO,YES,NONE,NO,NO,,,,
SATISTST,TGFCAB,NOTAPORPEDIDOPDV,CHAR,,,"1,00",,,N,362,"4,00",'N',"1,00",4E,4E,"0,00","0,00","1,00",30/10/2025 05:17,"10.809,00",CHAR_CS,1,YES,NO,"2,00","1,00",B,NO,YES,FREQUENCY,NO,NO,,,,USING_NLS_COMP
SATISTST,TGFCAB,AD_OBSINT,CLOB,,,"4.000,00",,,Y,363,,,"0,00",,,"0,00","102.430,00","0,00",30/10/2025 05:17,"5.452,00",CHAR_CS,4000,YES,NO,"11,00","0,00",,NO,YES,NONE,NO,NO,,,,USING_NLS_COMP
SATISTST,TGFCAB,AD_DTVENC,DATE,,,"7,00",,,Y,364,,,"348,00",77640101010101,787D0813010101,"0,00","99.210,00","1,00",30/10/2025 05:17,"1.157,00",,,YES,NO,"2,00","0,00",,NO,YES,NONE,NO,NO,,,,
SATISTST,TGFCAB,AD_VALPRECO,VARCHAR2,,,"10,00",,,Y,365,,,"2,00",4E,53,"0,00","78.500,00","2,00",30/10/2025 05:17,"2.959,00",CHAR_CS,10,YES,NO,"2,00","10,00",B,NO,YES,FREQUENCY,NO,NO,,,,USING_NLS_COMP
SATISTST,TGFCAB,AD_CODCOMP,NUMBER,,,"22,00","5,00","0,00",Y,366,,,"6,00",C10F,C2022E,"0,17","110.100,00","1,00",30/10/2025 05:17,"68,00",,,YES,NO,"2,00","0,00",,NO,YES,NONE,NO,NO,,,,
SATISTST,TGFCAB,AD_PENDENTECOMISSAO,VARCHAR2,,,"10,00",,,Y,367,,,"2,00",4E,53,"0,00","72.870,00","2,00",30/10/2025 05:17,"3.522,00",CHAR_CS,10,YES,NO,"2,00","10,00",B,NO,YES,FREQUENCY,NO,NO,,,,USING_NLS_COMP
SATISTST,TGFCAB,AD_NUNOTAORIG,NUMBER,,,"22,00","10,00","0,00",Y,368,,,"107.770,00",C107,C30D4C57,"0,00","210,00","1,00",30/10/2025 05:17,"10.788,00",,,YES,NO,"5,00","0,00",,NO,YES,NONE,NO,NO,,,,
SATISTST,TGFCAB,AD_USAVOLPALETE,VARCHAR2,,,"10,00",,,Y,369,,,"2,00",4E,53,"0,00","73.680,00","2,00",30/10/2025 05:17,"3.441,00",CHAR_CS,10,YES,NO,"2,00","10,00",B,NO,YES,FREQUENCY,NO,NO,,,,USING_NLS_COMP
SATISTST,TGFCAB,AD_CALCPALETE,VARCHAR2,,,"100,00",,,Y,370,,,"1,00",4E,4E,"1,00","97.950,00","1,00",30/10/2025 05:17,"1.283,00",CHAR_CS,100,YES,NO,"2,00","100,00",B,NO,YES,NONE,NO,NO,,,,USING_NLS_COMP
SATISTST,TGFCAB,AD_NUNOTAPED,NUMBER,,,"22,00","10,00","0,00",Y,371,,,"156,00",C20816,C30D4F07,"0,01","110.510,00","1,00",30/10/2025 05:17,"27,00",,,YES,NO,"2,00","0,00",,NO,YES,NONE,NO,NO,,,,
SATISTST,TGFCAB,SUMVLRIIOUTNOTA,NUMBER,,,"22,00","4,00","0,00",Y,372,,,"1,00",80,80,"0,00","8.720,00","1,00",30/10/2025 05:17,"9.937,00",,,YES,NO,"2,00","0,00",,NO,YES,FREQUENCY,NO,NO,,,,
SATISTST,TGFCAB,SOMICMSNFENAC,NUMBER,,,"22,00","4,00","0,00",Y,373,,,"1,00",80,80,"0,00","8.880,00","1,00",30/10/2025 05:17,"9.921,00",,,YES,NO,"2,00","0,00",,NO,YES,FREQUENCY,NO,NO,,,,
SATISTST,TGFCAB,AD_MOTEXCLUSAO,VARCHAR2,,,"100,00",,,Y,374,,,"82,00",2E,70656469646F20666569746F20696E636F72726574616D656E7465,"0,01","110.470,00","1,00",30/10/2025 05:17,"31,00",CHAR_CS,100,YES,NO,"2,00","100,00",B,NO,YES,NONE,NO,NO,,,,USING_NLS_COMP
SATISTST,TGFCAB,AD_IDFAT,NUMBER,,,"22,00","10,00","0,00",Y,375,,,"12.687,00",C105,C30D2003,"0,00","2.500,00","254,00",30/10/2025 05:17,"10.559,00",,,YES,NO,"5,00","0,00",,NO,YES,HEIGHT BALANCED,NO,NO,,,,
SATISTST,TGFCAB,AD_ENVRELMAPA,VARCHAR2,,,"10,00",,,Y,376,,,"1,00",53,53,"1,00","98.120,00","1,00",30/10/2025 05:17,"1.266,00",CHAR_CS,10,YES,NO,"2,00","10,00",B,NO,YES,NONE,NO,NO,,,,USING_NLS_COMP
SATISTST,TGFCAB,AD_VALUSUCONF,VARCHAR2,,,"10,00",,,Y,377,,,"0,00",,,"0,00","110.780,00","0,00",30/10/2025 05:17,,CHAR_CS,10,YES,NO,"0,00","10,00",B,NO,YES,NONE,NO,NO,,,,USING_NLS_COMP
SATISTST,TGFCAB,AD_QTDPALETE,FLOAT,,,"22,00","126,00",,Y,378,,,"509,00",80,C203014E,"0,00","76.850,00","254,00",30/10/2025 05:17,"3.124,00",,,YES,NO,"2,00","0,00",,NO,YES,HEIGHT BALANCED,NO,NO,,,,
SATISTST,TGFCAB,AD_DTVENCORIG,VARCHAR2,,,"200,00",,,Y,379,,,"1.234,00",3120706172632E202D2030312F30312F32303234,3920706172632E202D2031302F31322F32303232202D2031302F31322F32303232202D2031352F31322F32303232202D2031352F31322F32303232202D203135,"0,00","65.590,00","254,00",30/10/2025 05:17,"4.250,00",CHAR_CS,200,YES,NO,"11,00","200,00",B,NO,YES,HEIGHT BALANCED,NO,NO,,,,USING_NLS_COMP
SATISTST,TGFCAB,AD_DTVENCIMENT,VARCHAR2,,,"200,00",,,Y,380,,,"192,00",3120706172632E202D2030312F30352F32303232,3920706172632E202D2030392F30352F32303232202D2030372F30362F32303232202D2030362F30372F32303232202D2030352F30382F32303232202D203035,"0,01","100.300,00","1,00",30/10/2025 05:17,"1.048,00",CHAR_CS,200,YES,NO,"5,00","200,00",B,NO,YES,NONE,NO,NO,,,,USING_NLS_COMP
SATISTST,TGFCAB,SOMPISCOFNFENAC,NUMBER,,,"22,00","4,00","0,00",Y,381,,,"1,00",80,80,"0,00","8.880,00","1,00",30/10/2025 05:17,"9.921,00",,,YES,NO,"2,00","0,00",,NO,YES,FREQUENCY,NO,NO,,,,
SATISTST,TGFCAB,STATUSCFE,CHAR,,,"1,00",,,Y,382,,,"1,00",4E,4E,"0,00","38.340,00","1,00",30/10/2025 05:17,"6.975,00",CHAR_CS,1,YES,NO,"2,00","1,00",B,NO,YES,FREQUENCY,NO,NO,,,,USING_NLS_COMP
SATISTST,TGFCAB,AD_LIBERADO,VARCHAR2,,,"10,00",,,Y,383,,,"2,00",4E,53,"0,00","2.180,00","2,00",30/10/2025 05:17,"10.591,00",CHAR_CS,10,YES,NO,"2,00","10,00",B,NO,YES,FREQUENCY,NO,NO,,,,USING_NLS_COMP
SATISTST,TGFCAB,AD_OBSINTERNA,VARCHAR2,,,"4.000,00",,,Y,384,,,"3.926,00",0A2E,95204661747572617220646F2070656469646F206DE3652031343038202843616D70616E68612046656368612073616672612049290A95205661692073657220,"0,00","75.900,00","254,00",30/10/2025 05:17,"3.219,00",CHAR_CS,4000,YES,NO,"22,00","4.000,00",B,NO,YES,HEIGHT BALANCED,NO,NO,,,,USING_NLS_COMP
SATISTST,TGFCAB,AD_FEEDBACK,VARCHAR2,,,"10,00",,,Y,385,,,"1,00",31,31,"1,00","107.010,00","1,00",30/10/2025 05:17,"377,00",CHAR_CS,10,YES,NO,"2,00","10,00",B,NO,YES,NONE,NO,NO,,,,USING_NLS_COMP
SATISTST,TGFCAB,AD_OBSERVACAOOC,VARCHAR2,,,"4.000,00",,,Y,386,,,"0,00",,,"0,00","110.780,00","0,00",30/10/2025 05:17,,CHAR_CS,4000,YES,NO,"0,00","4.000,00",B,NO,YES,NONE,NO,NO,,,,USING_NLS_COMP
SATISTST,TGFCAB,AD_OBSFEEDBACK,VARCHAR2,,,"4.000,00",,,Y,387,,,"52,00",31382F31322F32303233,72656365626964612070656C6F206A6FE36F207669746F7220656D2062617272656972617320636F6D207375636573736F,"0,02","110.420,00","1,00",30/10/2025 05:17,"36,00",CHAR_CS,4000,YES,NO,"2,00","4.000,00",B,NO,YES,NONE,NO,NO,,,,USING_NLS_COMP
SATISTST,TGFCAB,AD_LOGALT,VARCHAR2,,,"4.000,00",,,Y,388,,,"0,00",,,"0,00","110.780,00","0,00",30/10/2025 05:17,,CHAR_CS,4000,YES,NO,"0,00","4.000,00",B,NO,YES,NONE,NO,NO,,,,USING_NLS_COMP
SATISTST,TGFCAB,AD_DTCOLETAPREVISTA,DATE,,,"7,00",,,Y,389,,,"744,00",787B0310010101,787D081B010101,"0,00","82.600,00","254,00",30/10/2025 05:17,"2.549,00",,,YES,NO,"3,00","0,00",,NO,YES,HEIGHT BALANCED,NO,NO,,,,
SATISTST,TGFCAB,AD_QUALIDADE,VARCHAR2,,,"10,00",,,Y,390,,,"2,00",41,41,"0,50","110.730,00","1,00",30/10/2025 05:17,"5,00",CHAR_CS,10,YES,NO,"2,00","10,00",B,NO,YES,NONE,NO,NO,,,,USING_NLS_COMP
SATISTST,TGFCAB,RETORNOEQUIPFISCAL,VARCHAR2,,,"255,00",,,Y,391,,,"0,00",,,"0,00","110.780,00","0,00",30/10/2025 05:17,,CHAR_CS,255,YES,NO,"0,00","255,00",B,NO,YES,NONE,NO,NO,,,,USING_NLS_COMP
SATISTST,TGFCAB,NURECEBIMENTO,NUMBER,,,"22,00","10,00","0,00",Y,392,,,"0,00",,,"0,00","110.780,00","0,00",30/10/2025 05:17,,,,YES,NO,"0,00","0,00",,NO,YES,NONE,NO,NO,,,,
SATISTST,TGFCAB,RETGERWMS,CHAR,,,"1,00",,,Y,393,,,"0,00",,,"0,00","110.780,00","0,00",30/10/2025 05:17,,CHAR_CS,1,YES,NO,"0,00","1,00",B,NO,YES,NONE,NO,NO,,,,USING_NLS_COMP
SATISTST,TGFCAB,NUNOTAREC,NUMBER,,,"22,00","10,00","0,00",Y,394,,,"0,00",,,"0,00","110.780,00","0,00",30/10/2025 05:17,,,,YES,NO,"0,00","0,00",,NO,YES,NONE,NO,NO,,,,
SATISTST,TGFCAB,AD_VLRCUSAD,FLOAT,,,"22,00","126,00",,Y,395,,,"10,00",80,80,"0,10","110.770,00","1,00",30/10/2025 05:17,"1,00",,,YES,NO,"2,00","0,00",,NO,YES,NONE,NO,NO,,,,
SATISTST,TGFCAB,AD_OBSFEEDBACKCOMPRA,VARCHAR2,,,"4.000,00",,,Y,396,,,"0,00",,,"0,00","110.780,00","0,00",30/10/2025 05:17,,CHAR_CS,4000,YES,NO,"0,00","4.000,00",B,NO,YES,NONE,NO,NO,,,,USING_NLS_COMP
SATISTST,TGFCAB,AD_FEEDBACKCOMPRA,VARCHAR2,,,"10,00",,,Y,397,,,"2,00",31,31,"0,50","110.670,00","1,00",30/10/2025 05:17,"11,00",CHAR_CS,10,YES,NO,"2,00","10,00",B,NO,YES,NONE,NO,NO,,,,USING_NLS_COMP
SATISTST,TGFCAB,DHVIAGEM,DATE,,,"7,00",,,Y,398,,,"0,00",,,"0,00","110.780,00","0,00",30/10/2025 05:17,,,,YES,NO,"1,00","0,00",,NO,YES,NONE,NO,NO,,,,
SATISTST,TGFCAB,NUSESSAO,NUMBER,,,"22,00","10,00","0,00",Y,399,,,"0,00",,,"0,00","110.780,00","0,00",30/10/2025 05:17,,,,YES,NO,"0,00","0,00",,NO,YES,NONE,NO,NO,,,,
SATISTST,TGFCAB,TPFRETAMENTO,NUMBER,,,"22,00","1,00","0,00",Y,400,,,"0,00",,,"0,00","110.780,00","0,00",30/10/2025 05:17,,,,YES,NO,"0,00","0,00",,NO,YES,NONE,NO,NO,,,,
SATISTST,TGFCAB,AD_DTAPREVCOMERCIAL,DATE,,,"7,00",,,Y,401,,,"174,00",787C0814010101,787D0515110101,"0,01","110.180,00","1,00",30/10/2025 05:17,"60,00",,,YES,NO,"2,00","0,00",,NO,YES,NONE,NO,NO,,,,
SATISTST,TGFCAB,DTESCRCONT,DATE,,,"7,00",,,Y,402,,,"0,00",,,"0,00","110.780,00","0,00",30/10/2025 05:17,,,,YES,NO,"1,00","0,00",,NO,YES,NONE,NO,NO,,,,
SATISTST,TGFCAB,AD_OBSERVCOT,CLOB,,,"4.000,00",,,Y,403,,,"0,00",,,"0,00","108.090,00","0,00",30/10/2025 05:17,,CHAR_CS,4000,YES,NO,"0,00","0,00",,NO,YES,NONE,NO,NO,,,,USING_NLS_COMP
SATISTST,TGFCAB,MODRECEBPDVWEB,CHAR,,,"1,00",,,Y,404,,,"0,00",,,"0,00","110.780,00","0,00",30/10/2025 05:17,,CHAR_CS,1,YES,NO,"0,00","1,00",B,NO,YES,NONE,NO,NO,,,,USING_NLS_COMP
SATISTST,TGFCAB,AD_REFFORCA,VARCHAR2,,,"100,00",,,Y,405,,,"3.703,00",4132572D313030,4132572D393932,"0,00","100.040,00","1,00",30/10/2025 05:17,"1.074,00",CHAR_CS,100,YES,NO,"2,00","100,00",B,NO,YES,NONE,NO,NO,,,,USING_NLS_COMP
SATISTST,TGFCAB,AD_CAMPCASHENV,VARCHAR2,,,"10,00",,,Y,406,,,"2,00",4E,53,"0,00","45.760,00","2,00",30/10/2025 05:17,"6.233,00",CHAR_CS,10,YES,NO,"2,00","10,00",B,NO,YES,FREQUENCY,NO,NO,,,,USING_NLS_COMP
SATISTST,TGFCAB,AD_CAMPNROENV,VARCHAR2,,,"10,00",,,Y,407,,,"2,00",4E,53,"0,00","45.760,00","2,00",30/10/2025 05:17,"6.233,00",CHAR_CS,10,YES,NO,"2,00","10,00",B,NO,YES,FREQUENCY,NO,NO,,,,USING_NLS_COMP
SATISTST,TGFCAB,CHAVECTEREF,VARCHAR2,,,"44,00",,,Y,408,,,"0,00",,,"0,00","110.780,00","0,00",30/10/2025 05:17,,CHAR_CS,44,YES,NO,"0,00","44,00",B,NO,YES,NONE,NO,NO,,,,USING_NLS_COMP
SATISTST,TGFCAB,NUMPROTOCINCTE,VARCHAR2,,,"30,00",,,Y,409,,,"0,00",,,"0,00","110.780,00","0,00",30/10/2025 05:17,,CHAR_CS,30,YES,NO,"0,00","30,00",B,NO,YES,NONE,NO,NO,,,,USING_NLS_COMP
SATISTST,TGFCAB,SERIENFSE,VARCHAR2,,,"20,00",,,Y,410,,,"0,00",,,"0,00","110.780,00","0,00",30/10/2025 05:17,,CHAR_CS,20,YES,NO,"0,00","20,00",B,NO,YES,NONE,NO,NO,,,,USING_NLS_COMP
SATISTST,TGFCAB,HISTCONFIG,CHAR,,,"1,00",,,Y,411,,,"1,00",53,53,"0,00","68.260,00","1,00",30/10/2025 05:17,"3.983,00",CHAR_CS,1,YES,NO,"2,00","1,00",B,NO,YES,FREQUENCY,NO,NO,,,,USING_NLS_COMP
SATISTST,TGFCAB,CHVNFEINEREF,VARCHAR2,,,"4.000,00",,,Y,412,,,"0,00",,,"0,00","110.780,00","0,00",30/10/2025 05:17,,CHAR_CS,4000,YES,NO,"0,00","4.000,00",B,NO,YES,NONE,NO,NO,,,,USING_NLS_COMP
SATISTST,TGFCAB,AD_MTVMOV,VARCHAR2,,,"10,00",,,Y,413,,,"5,00",32,35,"0,20","110.540,00","1,00",30/10/2025 05:17,"24,00",CHAR_CS,10,YES,NO,"2,00","10,00",B,NO,YES,NONE,NO,NO,,,,USING_NLS_COMP
SATISTST,TGFCAB,AD_TIPVERBA,VARCHAR2,,,"10,00",,,Y,414,,,"2,00",4D,54,"0,50","110.220,00","1,00",30/10/2025 05:17,"56,00",CHAR_CS,10,YES,NO,"2,00","10,00",B,NO,YES,NONE,NO,NO,,,,USING_NLS_COMP
SATISTST,TGFCAB,AD_CODPARCLDR,NUMBER,,,"22,00","10,00","0,00",Y,415,,,"4,00",C20A51,C232,"0,25","110.220,00","1,00",30/10/2025 05:17,"56,00",,,YES,NO,"2,00","0,00",,NO,YES,NONE,NO,NO,,,,
SATISTST,TGFCAB,AD_CODPUBLALVO,NUMBER,,,"22,00","10,00","0,00",Y,416,,,"4,00",C103,C109,"0,25","110.220,00","1,00",30/10/2025 05:17,"56,00",,,YES,NO,"2,00","0,00",,NO,YES,NONE,NO,NO,,,,
SATISTST,TGFCAB,AD_REGIAO,NUMBER,,,"22,00","10,00","0,00",Y,417,,,"7,00",C302,C313,"0,14","110.220,00","1,00",30/10/2025 05:17,"56,00",,,YES,NO,"2,00","0,00",,NO,YES,NONE,NO,NO,,,,
SATISTST,TGFCAB,AD_CNPJ_CPF,VARCHAR2,,,"100,00",,,Y,418,,,"0,00",,,"0,00","110.780,00","0,00",30/10/2025 05:17,,CHAR_CS,100,YES,NO,"0,00","100,00",B,NO,YES,NONE,NO,NO,,,,USING_NLS_COMP
SATISTST,TGFCAB,AD_CODVENDRTV,NUMBER,,,"22,00","10,00","0,00",Y,419,,,"9,00",80,C20227,"0,11","110.230,00","1,00",30/10/2025 05:17,"55,00",,,YES,NO,"2,00","0,00",,NO,YES,NONE,NO,NO,,,,
SATISTST,TGFCAB,AD_CODTIPTIT,NUMBER,,,"22,00","10,00","0,00",Y,420,,,"3,00",C102,C127,"0,33","110.630,00","1,00",30/10/2025 05:17,"15,00",,,YES,NO,"2,00","0,00",,NO,YES,NONE,NO,NO,,,,
SATISTST,TGFCAB,AD_LINHAPROD1,NUMBER,,,"22,00","10,00","0,00",Y,421,,,"0,00",,,"0,00","110.780,00","0,00",30/10/2025 05:17,,,,YES,NO,"0,00","0,00",,NO,YES,NONE,NO,NO,,,,
SATISTST,TGFCAB,AD_LINHAPROD2,NUMBER,,,"22,00","10,00","0,00",Y,422,,,"0,00",,,"0,00","110.780,00","0,00",30/10/2025 05:17,,,,YES,NO,"0,00","0,00",,NO,YES,NONE,NO,NO,,,,
SATISTST,TGFCAB,AD_LINHAPROD3,NUMBER,,,"22,00","10,00","0,00",Y,423,,,"0,00",,,"0,00","110.780,00","0,00",30/10/2025 05:17,,,,YES,NO,"0,00","0,00",,NO,YES,NONE,NO,NO,,,,
SATISTST,TGFCAB,AD_DTORDCARGA,DATE,,,"7,00",,,Y,424,,,"4.454,00",787C05060A1B2B,787D0A100B150A,"0,00","96.960,00","1,00",30/10/2025 05:17,"1.382,00",,,YES,NO,"2,00","0,00",,NO,YES,NONE,NO,NO,,,,
SATISTST,TGFCAB,AD_DTNEC,DATE,,,"7,00",,,Y,425,,,"179,00",787B0703010101,787D0614010101,"0,01","109.180,00","1,00",30/10/2025 05:17,"160,00",,,YES,NO,"2,00","0,00",,NO,YES,NONE,NO,NO,,,,
SATISTST,TGFCAB,AD_MOTIVO,VARCHAR2,,,"4.000,00",,,Y,426,,,"50,00",466F69206665636861646F20756D206772616E6465207061636F7465206465207365727669E76F732070617261206F20706172636569726F2070617261206F62,56616C6F722070726F706F73746F20706F722054616E696120477269676F6C6574746F20636F6E666F726D65207574696C697A61E7E36F20646520686F726173,"0,02","110.730,00","1,00",30/10/2025 05:17,"5,00",CHAR_CS,4000,YES,NO,"2,00","4.000,00",B,NO,YES,NONE,NO,NO,,,,USING_NLS_COMP
SATISTST,TGFCAB,AD_LINHASPROD,NUMBER,,,"22,00","10,00","0,00",Y,427,,,"2,00",C102,C102,"0,50","110.750,00","1,00",30/10/2025 05:17,"3,00",,,YES,NO,"2,00","0,00",,NO,YES,NONE,NO,NO,,,,
SATISTST,TGFCAB,AD_ANEXONF,BLOB,,,"4.000,00",,,Y,428,,,"0,00",,,"0,00","108.090,00","0,00",30/10/2025 05:17,,,,YES,NO,"0,00","0,00",,NO,YES,NONE,NO,NO,,,,
SATISTST,TGFCAB,AD_CODAGENTE,NUMBER,,,"22,00","5,00","0,00",Y,429,,,"0,00",,,"0,00","110.780,00","0,00",30/10/2025 05:17,,,,YES,NO,"0,00","0,00",,NO,YES,NONE,NO,NO,,,,
SATISTST,TGFCAB,AD_CODTIPVENDAMKT,NUMBER,,,"22,00","10,00","0,00",Y,430,,,"3,00",C13B,C13F,"0,33","110.630,00","1,00",30/10/2025 05:17,"15,00",,,YES,NO,"2,00","0,00",,NO,YES,NONE,NO,NO,,,,
SATISTST,TGFCAB,AD_ANEXO,BLOB,,,"4.000,00",,,Y,431,,,"0,00",,,"0,00","108.090,00","0,00",30/10/2025 05:17,,,,YES,NO,"0,00","0,00",,NO,YES,NONE,NO,NO,,,,
SATISTST,TGFCAB,AD_LIBERADOPEDCOM,VARCHAR2,,,"10,00",,,Y,432,,,"2,00",4E,53,"0,50","110.470,00","1,00",30/10/2025 05:17,"31,00",CHAR_CS,10,YES,NO,"2,00","10,00",B,NO,YES,NONE,NO,NO,,,,USING_NLS_COMP
SATISTST,TGFCAB,AD_EXIGEBOL,VARCHAR2,,,"10,00",,,Y,433,,,"0,00",,,"0,00","110.780,00","0,00",30/10/2025 05:17,,CHAR_CS,10,YES,NO,"0,00","10,00",B,NO,YES,NONE,NO,NO,,,,USING_NLS_COMP
SATISTST,TGFCAB,CARACSER,VARCHAR2,,,"30,00",,,Y,434,,,"0,00",,,"0,00","110.780,00","0,00",30/10/2025 05:17,,CHAR_CS,30,YES,NO,"0,00","30,00",B,NO,YES,NONE,NO,NO,,,,USING_NLS_COMP
SATISTST,TGFCAB,CARACAD,VARCHAR2,,,"15,00",,,Y,435,,,"0,00",,,"0,00","110.780,00","0,00",30/10/2025 05:17,,CHAR_CS,15,YES,NO,"0,00","15,00",B,NO,YES,NONE,NO,NO,,,,USING_NLS_COMP
SATISTST,TGFCAB,SOMDESPADUNFENAC,NUMBER,,,"22,00","4,00","0,00",Y,436,,,"1,00",80,80,"0,00","79.830,00","1,00",30/10/2025 05:17,"2.826,00",,,YES,NO,"2,00","0,00",,NO,YES,FREQUENCY,NO,NO,,,,
SATISTST,TGFCAB,AD_REFENTREGA,VARCHAR2,,,"4.000,00",,,Y,437,,,"221,00",20,68747470733A2F2F6D6170732E6170702E676F6F2E676C2F766D5A5574314E6A587643625466376A393F675F73743D636F6D2E676F6F676C652E6D6170732E70,"0,00","106.900,00","1,00",30/10/2025 05:17,"388,00",CHAR_CS,4000,YES,NO,"2,00","4.000,00",B,NO,YES,NONE,NO,NO,,,,USING_NLS_COMP
SATISTST,TGFCAB,AD_CODEMPORIGEM,NUMBER,,,"22,00","5,00","0,00",Y,438,,,"7,00",C102,C109,"0,14","108.660,00","1,00",30/10/2025 05:17,"212,00",,,YES,NO,"2,00","0,00",,NO,YES,NONE,NO,NO,,,,
SATISTST,TGFCAB,AD_DISTANCIAKM,FLOAT,,,"22,00","126,00",,Y,439,,,"0,00",,,"0,00","110.780,00","0,00",30/10/2025 05:17,,,,YES,NO,"0,00","0,00",,NO,YES,NONE,NO,NO,,,,
SATISTST,TGFCAB,AD_EMAILENV,VARCHAR2,,,"10,00",,,Y,440,,,"0,00",,,"0,00","110.780,00","0,00",30/10/2025 05:17,,CHAR_CS,10,YES,NO,"0,00","10,00",B,NO,YES,NONE,NO,NO,,,,USING_NLS_COMP
SATISTST,TGFCAB,AD_REFLOC,VARCHAR2,,,"100,00",,,Y,441,,,"0,00",,,"0,00","110.780,00","0,00",30/10/2025 05:17,,CHAR_CS,100,YES,NO,"0,00","100,00",B,NO,YES,NONE,NO,NO,,,,USING_NLS_COMP
SATISTST,TGFCAB,AD_NROUNICOADT,NUMBER,,,"22,00","10,00","0,00",Y,442,,,"0,00",,,"0,00","110.780,00","0,00",30/10/2025 05:17,,,,YES,NO,"0,00","0,00",,NO,YES,NONE,NO,NO,,,,
SATISTST,TGFCAB,AD_GERFINCOM,VARCHAR2,,,"10,00",,,Y,443,,,"0,00",,,"0,00","110.780,00","0,00",30/10/2025 05:17,,CHAR_CS,10,YES,NO,"0,00","10,00",B,NO,YES,NONE,NO,NO,,,,USING_NLS_COMP
SATISTST,TGFCAB,AD_VERIF_FAT_PARCIAL,VARCHAR2,,,"10,00",,,Y,444,,,"2,00",53,53,"0,50","110.560,00","1,00",30/10/2025 05:17,"22,00",CHAR_CS,10,YES,NO,"2,00","10,00",B,NO,YES,NONE,NO,NO,,,,USING_NLS_COMP
SATISTST,TGFCAB,NUMPROTOCINNFE,VARCHAR2,,,"30,00",,,Y,445,,,"0,00",,,"0,00","110.780,00","0,00",30/10/2025 05:17,,CHAR_CS,30,YES,NO,"0,00","30,00",B,NO,YES,NONE,NO,NO,,,,USING_NLS_COMP
SATISTST,TGFCAB,VLRREPTERC,FLOAT,,,"22,00","126,00",,N,446,"2,00",0,"1,00",80,80,"0,00","0,00","1,00",30/10/2025 05:17,"10.809,00",,,YES,NO,"2,00","0,00",,NO,YES,FREQUENCY,NO,NO,,,,
SATISTST,TGFCAB,AD_NUPEDORIG,NUMBER,,,"22,00","10,00","0,00",Y,447,,,"86,00",C30B0C4C,C30D4F07,"0,01","110.600,00","1,00",30/10/2025 05:17,"18,00",,,YES,NO,"2,00","0,00",,NO,YES,NONE,NO,NO,,,,
SATISTST,TGFCAB,AD_STATUSA2WV2,VARCHAR2,,,"100,00",,,Y,448,,,"9,00",41,5053,"0,11","97.670,00","1,00",30/10/2025 05:17,"1.311,00",CHAR_CS,100,YES,NO,"2,00","100,00",B,NO,YES,NONE,NO,NO,,,,USING_NLS_COMP
SATISTST,TGFCAB,AD_LIBFATURAMENTO,VARCHAR2,,,"10,00",,,Y,449,,,"1,00",53,53,"1,00","110.110,00","1,00",30/10/2025 05:17,"67,00",CHAR_CS,10,YES,NO,"2,00","10,00",B,NO,YES,NONE,NO,NO,,,,USING_NLS_COMP
SATISTST,TGFCAB,AD_ENTREGUE,VARCHAR2,,,"10,00",,,Y,450,,,"0,00",,,"0,00","110.780,00","0,00",30/10/2025 05:17,,CHAR_CS,10,YES,NO,"0,00","10,00",B,NO,YES,NONE,NO,NO,,,,USING_NLS_COMP
SATISTST,TGFCAB,AD_ATUALICMS,VARCHAR2,,,"10,00",,,Y,451,,,"2,00",4E,53,"0,50","107.550,00","1,00",30/10/2025 05:17,"323,00",CHAR_CS,10,YES,NO,"2,00","10,00",B,NO,YES,NONE,NO,NO,,,,USING_NLS_COMP
SATISTST,TGFCAB,AD_VALFIN,VARCHAR2,,,"10,00",,,Y,452,,,"1,00",53,53,"1,00","110.600,00","1,00",30/10/2025 05:17,"18,00",CHAR_CS,10,YES,NO,"2,00","10,00",B,NO,YES,NONE,NO,NO,,,,USING_NLS_COMP
SATISTST,TGFCAB,AD_VALFIS,VARCHAR2,,,"10,00",,,Y,453,,,"2,00",53,53,"0,50","110.570,00","1,00",30/10/2025 05:17,"21,00",CHAR_CS,10,YES,NO,"2,00","10,00",B,NO,YES,NONE,NO,NO,,,,USING_NLS_COMP
SATISTST,TGFCAB,AD_OBSPAG,VARCHAR2,,,"100,00",,,Y,454,,,"51,00",3139393831353233383930,706172636569726F207175652076616920617072696D696F726172206120616E616C697365206465206372E96469746F,"0,02","110.650,00","1,00",30/10/2025 05:17,"13,00",CHAR_CS,100,YES,NO,"2,00","100,00",B,NO,YES,NONE,NO,NO,,,,USING_NLS_COMP
SATISTST,TGFCAB,TIPOGUIA,CHAR,,,"1,00",,,Y,455,,,"0,00",,,"0,00","110.780,00","0,00",30/10/2025 05:17,,CHAR_CS,1,YES,NO,"0,00","1,00",B,NO,YES,NONE,NO,NO,,,,USING_NLS_COMP
SATISTST,TGFCAB,NUMGUIA,NUMBER,,,"22,00","10,00","0,00",Y,456,,,"0,00",,,"0,00","110.780,00","0,00",30/10/2025 05:17,,,,YES,NO,"0,00","0,00",,NO,YES,NONE,NO,NO,,,,
SATISTST,TGFCAB,UFEMISSAO,CHAR,,,"2,00",,,Y,457,,,"0,00",,,"0,00","110.780,00","0,00",30/10/2025 05:17,,CHAR_CS,2,YES,NO,"0,00","2,00",B,NO,YES,NONE,NO,NO,,,,USING_NLS_COMP
SATISTST,TGFCAB,CPFRESPTEC,VARCHAR2,,,"11,00",,,Y,458,,,"10,00",3039393237373034363734,3039393237373034363734,"0,10","110.770,00","1,00",30/10/2025 05:17,"1,00",CHAR_CS,11,YES,NO,"2,00","11,00",B,NO,YES,NONE,NO,NO,,,,USING_NLS_COMP
SATISTST,TGFCAB,NUMRECEITAGRO,VARCHAR2,,,"20,00",,,Y,459,,,"0,00",,,"0,00","110.780,00","0,00",30/10/2025 05:17,,CHAR_CS,20,YES,NO,"0,00","20,00",B,NO,YES,NONE,NO,NO,,,,USING_NLS_COMP
SATISTST,TGFCAB,SERIEGUIA,VARCHAR2,,,"9,00",,,Y,460,,,"0,00",,,"0,00","110.780,00","0,00",30/10/2025 05:17,,CHAR_CS,9,YES,NO,"0,00","9,00",B,NO,YES,NONE,NO,NO,,,,USING_NLS_COMP
SATISTST,TGFCAB,UFEMISS,NUMBER,,,"22,00","5,00","0,00",Y,461,,,"0,00",,,"0,00","110.780,00","0,00",30/10/2025 05:17,,,,YES,NO,"0,00","0,00",,NO,YES,NONE,NO,NO,,,,
SATISTST,TGFCAB,CHAVESINIEF1324,VARCHAR2,,,"360,00",,,Y,462,,,"0,00",,,"0,00","110.780,00","0,00",30/10/2025 05:17,,CHAR_CS,360,YES,NO,"0,00","360,00",B,NO,YES,NONE,NO,NO,,,,USING_NLS_COMP
SATISTST,TGFCAB,CHAVENFCOM,VARCHAR2,,,"44,00",,,Y,463,,,"0,00",,,"0,00","110.780,00","0,00",30/10/2025 05:17,,CHAR_CS,44,YES,NO,"0,00","44,00",B,NO,YES,NONE,NO,NO,,,,USING_NLS_COMP
SATISTST,TGFCAB,NUMPROTOCNFCOM,VARCHAR2,,,"16,00",,,Y,464,,,"0,00",,,"0,00","110.780,00","0,00",30/10/2025 05:17,,CHAR_CS,16,YES,NO,"0,00","16,00",B,NO,YES,NONE,NO,NO,,,,USING_NLS_COMP
SATISTST,TGFCAB,NULOTENFCOM,NUMBER,,,"22,00","10,00","0,00",Y,465,,,"0,00",,,"0,00","110.780,00","0,00",30/10/2025 05:17,,,,YES,NO,"0,00","0,00",,NO,YES,NONE,NO,NO,,,,
SATISTST,TGFCAB,STATUSNFCOM,VARCHAR2,,,"1,00",,,Y,466,,,"0,00",,,"0,00","110.780,00","0,00",30/10/2025 05:17,,CHAR_CS,1,YES,NO,"0,00","1,00",B,NO,YES,NONE,NO,NO,,,,USING_NLS_COMP
SATISTST,TGFCAB,TPAMBNFCOM,VARCHAR2,,,"1,00",,,Y,467,,,"0,00",,,"0,00","110.780,00","0,00",30/10/2025 05:17,,CHAR_CS,1,YES,NO,"0,00","1,00",B,NO,YES,NONE,NO,NO,,,,USING_NLS_COMP
SATISTST,TGFCAB,SITUACAONFCOM,VARCHAR2,,,"1,00",,,Y,468,,,"0,00",,,"0,00","110.780,00","0,00",30/10/2025 05:17,,CHAR_CS,1,YES,NO,"0,00","1,00",B,NO,YES,NONE,NO,NO,,,,USING_NLS_COMP
SATISTST,TGFCAB,TPEMISNFCOM,NUMBER,,,"22,00","5,00","0,00",Y,469,,,"0,00",,,"0,00","110.780,00","0,00",30/10/2025 05:17,,,,YES,NO,"0,00","0,00",,NO,YES,NONE,NO,NO,,,,
SATISTST,TGFCAB,TPRETISS,CHAR,,,"1,00",,,Y,470,,,"2,00",31,32,"0,50","108.830,00","1,00",30/10/2025 05:17,"195,00",CHAR_CS,1,YES,NO,"2,00","1,00",B,NO,YES,NONE,NO,NO,,,,USING_NLS_COMP
SATISTST,TGFCAB,AD_CODUSUENV,NUMBER,,,"22,00","5,00","0,00",Y,471,,,"0,00",,,"0,00","110.780,00","0,00",30/10/2025 05:17,,,,YES,NO,"0,00","0,00",,NO,YES,NONE,NO,NO,,,,
SATISTST,TGFCAB,VLRICMSRET,FLOAT,,,"22,00","126,00",,Y,472,,,"0,00",,,"0,00","110.780,00","0,00",30/10/2025 05:17,,,,YES,NO,"0,00","0,00",,NO,YES,NONE,NO,NO,,,,
SATISTST,TGFCAB,CMUNFATGER,NUMBER,,,"22,00","10,00","0,00",Y,473,,,"0,00",,,"0,00","110.780,00","0,00",30/10/2025 05:17,,,,YES,NO,"0,00","0,00",,NO,YES,NONE,NO,NO,,,,
SATISTST,TGFCAB,CODCFO,NUMBER,,,"22,00","5,00","0,00",Y,474,,,"0,00",,,"0,00","110.780,00","0,00",30/10/2025 05:17,,,,YES,NO,"0,00","0,00",,NO,YES,NONE,NO,NO,,,,
SATISTST,TGFCAB,VLRSERVICO,FLOAT,,,"22,00","126,00",,Y,475,,,"0,00",,,"0,00","110.780,00","0,00",30/10/2025 05:17,,,,YES,NO,"0,00","0,00",,NO,YES,NONE,NO,NO,,,,
SATISTST,TGFCAB,BCICMSRET,FLOAT,,,"22,00","126,00",,Y,476,,,"0,00",,,"0,00","110.780,00","0,00",30/10/2025 05:17,,,,YES,NO,"0,00","0,00",,NO,YES,NONE,NO,NO,,,,
SATISTST,TGFCAB,ALIQICMSRET,FLOAT,,,"22,00","126,00",,Y,477,,,"0,00",,,"0,00","110.780,00","0,00",30/10/2025 05:17,,,,YES,NO,"0,00","0,00",,NO,YES,NONE,NO,NO,,,,
SATISTST,TGFCAB,AD_GUIAEMITIDA,VARCHAR2,,,"10,00",,,Y,478,,,"0,00",,,"0,00","110.780,00","0,00",30/10/2025 05:17,,CHAR_CS,10,YES,NO,"0,00","10,00",B,NO,YES,NONE,NO,NO,,,,USING_NLS_COMP
SATISTST,TGFCAB,AD_MOTCANCELAMENTO,VARCHAR2,,,"100,00",,,Y,479,,,"0,00",,,"0,00","110.780,00","0,00",30/10/2025 05:17,,CHAR_CS,100,YES,NO,"0,00","100,00",B,NO,YES,NONE,NO,NO,,,,USING_NLS_COMP
SATISTST,TGFCAB,AD_LOGENTREEFTIVA,DATE,,,"7,00",,,Y,480,,,"0,00",,,"0,00","110.780,00","0,00",30/10/2025 05:17,,,,YES,NO,"1,00","0,00",,NO,YES,NONE,NO,NO,,,,
SATISTST,TGFCAB,AD_DESPADICIONAL,FLOAT,,,"22,00","126,00",,Y,481,,,"0,00",,,"0,00","110.780,00","0,00",30/10/2025 05:17,,,,YES,NO,"0,00","0,00",,NO,YES,NONE,NO,NO,,,,
SATISTST,TGFCAB,AD_FRETE,FLOAT,,,"22,00","126,00",,Y,482,,,"0,00",,,"0,00","110.780,00","0,00",30/10/2025 05:17,,,,YES,NO,"0,00","0,00",,NO,YES,NONE,NO,NO,,,,
SATISTST,TGFCAB,AD_VLRDESCONTO,FLOAT,,,"22,00","126,00",,Y,483,,,"0,00",,,"0,00","110.780,00","0,00",30/10/2025 05:17,,,,YES,NO,"0,00","0,00",,NO,YES,NONE,NO,NO,,,,
SATISTST,TGFCAB,AD_RETPEDIDO,VARCHAR2,,,"10,00",,,Y,484,,,"10,00",53,53,"0,10","110.770,00","1,00",30/10/2025 05:17,"1,00",CHAR_CS,10,YES,NO,"2,00","10,00",B,NO,YES,NONE,NO,NO,,,,USING_NLS_COMP
SATISTST,TGFCAB,AD_LOCALVALID,NUMBER,,,"22,00","10,00","0,00",Y,485,,,"0,00",,,"0,00","110.780,00","0,00",30/10/2025 05:17,,,,YES,NO,"0,00","0,00",,NO,YES,NONE,NO,NO,,,,
SATISTST,TGFCAB,AD_VALTGFITC,VARCHAR2,,,"10,00",,,Y,486,,,"0,00",,,"0,00","110.780,00","0,00",30/10/2025 05:17,,CHAR_CS,10,YES,NO,"0,00","10,00",B,NO,YES,NONE,NO,NO,,,,USING_NLS_COMP
SATISTST,TGFCAB,CHAVENFETERCEIROREF,VARCHAR2,,,"4.000,00",,,Y,487,,,"0,00",,,"0,00","110.780,00","0,00",30/10/2025 05:17,,CHAR_CS,4000,YES,NO,"0,00","4.000,00",B,NO,YES,NONE,NO,NO,,,,USING_NLS_COMP
SATISTST,TGFCAB,AD_STSMAILCLIEN,VARCHAR2,,,"10,00",,,Y,488,,,"2,00",4145,45,"0,50","100.730,00","1,00",30/10/2025 05:17,"1.005,00",CHAR_CS,10,YES,NO,"2,00","10,00",B,NO,YES,NONE,NO,NO,,,,USING_NLS_COMP
SATISTST,TGFCAB,AD_CPFRESP,VARCHAR2,,,"100,00",,,Y,489,,,"0,00",,,"0,00","110.780,00","0,00",30/10/2025 05:17,,CHAR_CS,100,YES,NO,"0,00","100,00",B,NO,YES,NONE,NO,NO,,,,USING_NLS_COMP
SATISTST,TGFCAB,AD_NVSTATUSA2W,VARCHAR2,,,"10,00",,,Y,490,,,"7,00",41,5045,"0,14","99.810,00","1,00",30/10/2025 05:17,"1.097,00",CHAR_CS,10,YES,NO,"2,00","10,00",B,NO,YES,NONE,NO,NO,,,,USING_NLS_COMP
SATISTST,TGFCAB,AD_DATAATSTATUSA2W,DATE,,,"7,00",,,Y,491,,,"0,00",,,"0,00","110.780,00","0,00",30/10/2025 05:17,,,,YES,NO,"1,00","0,00",,NO,YES,NONE,NO,NO,,,,
SATISTST,TGFCAB,LOCALFINALSERV,VARCHAR2,,,"1,00",,,Y,492,,,"0,00",,,"0,00","110.780,00","0,00",30/10/2025 05:17,,CHAR_CS,1,YES,NO,"0,00","1,00",B,NO,YES,NONE,NO,NO,,,,USING_NLS_COMP
,,,,,,"68.266,00","14.511,00","4,00",,,"188,00",,"609.001,00",,,"28,62","40.872.080,00","8.679,00",,"1.332.546,00",,,,,"738,00","46.194,00",,,,,,,,,,
